Names,Countries
Spencer,LT
Zachary,SZ
Kristin,VA
Karen,LV
Jermaine,CI
Nicholas,ST
Zachary,CZ
Timothy,CZ
Lindsay,VE
Timothy,CI
Zachary,VA
Richard,AL
Robert,CI
Melissa,CZ
Jenny,LV
Bobby,CY
Michael,BI
Andrew,AL
Rebecca,ZA
Kristin,MX
Daniel,KW
Richard,CY
Jenny,LV
Melissa,CY
Katie,PT
Karen,MV
Antonio,CZ
Katie,KH
Tamara,KH
Krista,CD
Joshua,SZ
Rebecca,CI
Nathan,CD
Spencer,MV
Chad,LV
Robert,CI
Patrick,ST
Katie,VA
Jonathan,CZ
Douglas,CZ
John,KH
Michael,AL
Andrew,ST
Cynthia,ZA
Frederick,ST
Eric,PT
Shannon,VE
Patrick,MV
Luis,MX
Frederick,VA
Carol,CI
Cheryl,CY
Richard,BI
David,ZA
Chad,CI
Rebecca,CI
Denise,ZA
Ashley,LT
Karen,CD
Levi,MX
Denise,MV
Timothy,KW
Cynthia,VE
Karen,BI
Victoria,VA
Nichole,VA
Carol,CZ
Katie,SZ
Nancy,CY
Paul,AL
Bobby,SZ
Timothy,CZ
Martin,CY
Carlos,CY
Paul,AL
Thomas,CZ
Jermaine,LT
Richard,AL
Denise,VE
Brenda,LT
Paul,VU
Paul,SZ
Frederick,KW
Nancy,CZ
Ashley,AL
Joshua,ST
Daniel,CY
John,CI
Vanessa,MV
Kathryn,CI
Nancy,CI
Krista,AL
Bobby,SZ
Luis,ST
Robert,VU
Michael,VE
Jermaine,VU
Timothy,SZ
Frederick,BI
Nichole,CD
Spencer,ST
Nicholas,KW
Karen,VE
Patrick,CY
Chad,ZA
Martin,PT
Patrick,KW
Joshua,ZA
Lindsay,CD
Joshua,VA
Patrick,UG
Robert,CI
Shannon,VU
Jenny,VE
Megan,KH
David,BI
Levi,AL
Jason,PT
Brenda,AL
Shannon,UG
John,CY
Rebecca,VE
James,VA
Jason,LT
Michael,VE
Daniel,PT
Katie,KW
Eric,VU
Elizabeth,KH
James,ST
Thomas,MV
Kathryn,VU
Daniel,CZ
Elizabeth,VE
Christopher,CY
Melissa,LV
Nancy,VA
Shannon,MV
James,UG
Rebecca,CZ
Shannon,PT
Timothy,LT
Carol,MX
Jermaine,MV
Nathan,CZ
Katie,VA
Martin,SZ
Joshua,ST
Kristin,CZ
Victoria,VA
Elizabeth,LV
Ashley,VU
Paul,MX
Tamara,CI
Elizabeth,ZA
Tamara,CZ
Elaine,UG
Carol,CD
Bryan,ST
Gina,ST
Ashley,CY
Levi,UG
Katie,KH
Brenda,AL
Eric,PT
Ashley,LT
Mary,LT
Eric,LV
Lindsay,ZA
Cheryl,VE
Zachary,VU
Zachary,CI
Douglas,CI
Andrew,KH
Timothy,PT
Cheryl,CZ
Troy,CZ
Christopher,CZ
Victoria,SZ
Kristin,VU
David,AL
Melissa,VU
Andrew,VA
Nicholas,CZ
Zachary,ST
Kristin,VU
Lindsay,CI
Nichole,VA
Carol,LV
Melissa,VU
Christopher,VA
Jason,ZA
Christopher,ZA
Paul,BI
David,LT
Krista,AL
Kathryn,AL
Melissa,CY
Melissa,ZA
Troy,PT
Jason,KW
Tamara,VE
Paul,SZ
Joshua,CZ
Carol,VA
Spencer,VA
Bryan,UG
James,CI
Victoria,VE
Patrick,ZA
Zachary,MX
Krista,LV
Joshua,MV
Melissa,AL
Nichole,VA
Nathan,PT
David,UG
Timothy,ZA
Gina,ZA
Thomas,CD
Ashley,CD
Christopher,VU
Carlos,CY
Megan,ZA
Rebecca,MX
Gina,VE
Daniel,MX
David,KH
Robert,CI
Tamara,ZA
Denise,CY
Mary,MV
Chad,LV
Elaine,VE
Cynthia,BI
Mary,AL
Daniel,VA
Nancy,LT
Jonathan,VA
Nathan,VE
Patrick,KW
Andrew,VA
Mary,UG
Timothy,ST
Luis,AL
Bobby,MV
Cheryl,MV
Paul,MV
Timothy,VA
Elaine,BI
Joshua,KH
Denise,CI
Richard,MX
Timothy,CZ
Krista,ST
Shannon,MV
Robert,PT
Paul,CY
James,CI
Christopher,ZA
Martin,LT
Gina,VA
Luis,CY
Victoria,CY
Denise,VU
Nathan,BI
Carlos,VU
Michael,PT
Carol,MV
Douglas,CY
Karen,UG
Bobby,VA
Victoria,VA
Krista,BI
Michael,CY
Frederick,CI
Michael,VU
Jenny,VA
Kyle,LV
Bryan,KH
Daniel,CD
Mary,KH
Carol,ST
Elaine,KH
Lindsay,CD
Levi,SZ
Mary,MV
Lindsay,MV
Elizabeth,CZ
Denise,VA
John,CZ
Shannon,ST
Carlos,ST
Jonathan,VA
Kyle,CZ
Jenny,SZ
Denise,SZ
Martin,ST
John,UG
Denise,ZA
Cynthia,LV
Melissa,SZ
Christopher,KW
Rebecca,VU
Nicholas,CD
Chad,LT
David,PT
Megan,UG
Troy,LV
Richard,LV
Katie,CY
Jermaine,KH
Levi,AL
Karen,SZ
Daniel,MV
Nicholas,AL
Shannon,ST
Thomas,LV
Antonio,LV
Rebecca,VE
Douglas,LV
Nichole,LT
Lindsay,BI
Nichole,ST
Tamara,VE
Shannon,AL
David,MV
Nancy,AL
Jason,VA
Chad,ZA
Kristin,MX
Chad,CY
Daniel,ST
Ashley,LT
Kathryn,MX
Mary,UG
Richard,UG
Jason,SZ
Christopher,CD
Vanessa,PT
Kristin,VA
Timothy,LT
Melissa,KW
Antonio,VE
Nichole,UG
Robert,LT
Chad,BI
Nathan,KH
Nicholas,BI
Michael,UG
Frederick,KW
Chad,LT
Nancy,VA
Victoria,CD
Denise,UG
Levi,PT
Zachary,CY
Troy,ST
Mary,VU
Melissa,MX
Joshua,KH
Paul,ZA
Thomas,ZA
Tamara,VA
Melissa,CZ
Chad,CZ
Vanessa,KW
John,UG
Joshua,MX
John,BI
Robert,VE
Kyle,BI
Thomas,AL
Nancy,CZ
Gina,VU
Kyle,MV
Megan,AL
Tamara,ST
Cheryl,CI
Kristin,VU
Nancy,CZ
Jermaine,AL
Patrick,CI
Shannon,UG
Carol,LT
Robert,AL
Karen,MV
Tamara,MV
Victoria,LV
Timothy,CZ
Frederick,KH
Chad,CD
Timothy,ST
Karen,VE
Paul,CD
Gina,CI
Andrew,MX
Paul,PT
Joshua,VU
Jonathan,UG
Antonio,ZA
Ashley,CZ
Kathryn,BI
Troy,KW
Joshua,LV
Kathryn,LT
Richard,SZ
Jenny,MX
Spencer,VU
Bryan,ST
Brenda,VU
Jonathan,CD
Michael,VE
Timothy,PT
Denise,ST
Jermaine,BI
Martin,ZA
Vanessa,LT
John,LV
Elizabeth,ST
Cynthia,LV
Spencer,VA
John,ST
Ashley,PT
Troy,VU
Patrick,KH
Carol,VE
Bobby,SZ
Daniel,ST
Robert,CI
Megan,ST
Cynthia,BI
Douglas,MV
Melissa,MX
Joshua,SZ
Christopher,CD
Andrew,MX
John,MV
Frederick,CI
Robert,MV
Bobby,MV
Daniel,BI
Lindsay,CY
John,UG
Troy,KW
Victoria,UG
Spencer,LV
Thomas,ZA
Victoria,LT
Denise,VU
Denise,CY
Karen,ST
Jenny,ST
Cheryl,VE
Eric,BI
David,BI
Bryan,CI
Victoria,ZA
Kathryn,CZ
Douglas,LT
Gina,VU
Bryan,MV
Timothy,LT
Kathryn,KH
Martin,LV
David,CY
Eric,CZ
Mary,LT
Jermaine,MV
Elaine,VE
Timothy,SZ
Troy,VA
Nathan,LV
Cynthia,KH
Victoria,CI
Martin,PT
Melissa,CD
Chad,CD
Cynthia,MV
Mary,CY
Eric,VA
David,CI
Bryan,ST
Nicholas,CD
Eric,SZ
Andrew,MV
James,ZA
Richard,LT
Rebecca,VA
Douglas,VE
Kathryn,MX
Karen,MX
James,ST
Karen,BI
Troy,ST
John,MX
Carol,VE
Krista,ZA
Patrick,VE
John,UG
Nicholas,CZ
Levi,CY
Joshua,CI
Ashley,KW
Ashley,CZ
Cynthia,ZA
Krista,ST
Michael,SZ
Nichole,AL
Shannon,CZ
Levi,VE
Frederick,LV
Richard,LT
Troy,MV
Jonathan,SZ
Kathryn,ST
Melissa,CD
Cheryl,PT
Carlos,ZA
Brenda,AL
Denise,CD
Carol,PT
Spencer,PT
Carlos,KH
Martin,UG
Kyle,MX
Victoria,UG
Jonathan,KW
Jenny,ZA
Eric,KH
Carol,CD
Eric,CD
Carol,CI
Nathan,LT
Bobby,CD
Elizabeth,CY
Melissa,UG
Cheryl,CD
Luis,CY
Elizabeth,PT
Spencer,UG
Robert,LT
Richard,AL
Kyle,LT
Karen,VA
Nathan,KH
Daniel,MV
Bobby,MX
Michael,VE
Megan,CD
Karen,KH
Melissa,SZ
Victoria,MX
Nancy,CI
Lindsay,CY
Jermaine,ZA
Vanessa,VE
David,SZ
Denise,LT
John,CZ
Kyle,CY
Zachary,ST
Daniel,CD
Kyle,CI
Christopher,AL
Patrick,ZA
Kathryn,SZ
David,LV
Katie,VA
Zachary,CI
Thomas,BI
Luis,MX
Nicholas,LT
Douglas,MX
Jonathan,CY
Paul,KH
Kathryn,LT
Christopher,SZ
Bobby,MX
Antonio,VA
Troy,AL
David,LV
Brenda,LV
Martin,BI
Jason,KW
Karen,BI
Ashley,CZ
Frederick,VU
Nichole,VA
Patrick,KH
Michael,LV
Karen,BI
Lindsay,CY
Victoria,VE
Christopher,CD
Vanessa,ZA
Carol,ZA
Cynthia,CZ
Robert,KW
Daniel,CD
