,Names1,Names2,Group,Names3
0,Susan,Jennifer,4,Susan
1,Charles,Kelly,2,Susan
2,James,Susan,2,Susan
3,Jennifer,Teresa,4,Susan
4,Charles,Megan,2,Susan
5,Kelly,Stacy,2,Susan
6,William,Taylor,1,Susan
7,James,David,4,Susan
8,Kelly,Christopher,2,Susan
9,Megan,David,2,Susan
10,Alexis,Linda,1,Susan
11,Amber,Jennifer,1,Susan
12,Megan,Ashley,2,Susan
13,George,Amber,2,Susan
14,Kelly,Suzanne,3,Susan
15,Hannah,Michael,2,Susan
16,Megan,Adam,2,Susan
17,David,Teresa,2,Susan
18,Jennifer,Hannah,3,Susan
19,Hannah,Jennifer,2,Susan
20,Hannah,Megan,4,Susan
21,Linda,Mark,1,Susan
22,Daniel,Robin,3,Susan
23,James,Ashley,2,Susan
24,Amber,James,2,Susan
25,Cindy,Suzanne,2,Susan
26,Alexis,Susan,3,Susan
27,Robin,Nathan,2,Susan
28,Joseph,Robin,4,Susan
29,Jennifer,Amanda,3,Susan
30,Amber,Michael,2,Susan
31,Amber,Robin,4,Susan
32,Kelly,William,4,Susan
33,Megan,Christopher,3,Susan
34,Lisa,Amber,4,Susan
35,Joseph,Robin,2,Susan
36,Bobby,James,1,Susan
37,Lisa,Lisa,3,Susan
38,Robin,Robin,2,Susan
39,Taylor,Robin,2,Susan
40,George,William,4,Susan
41,Christopher,Hannah,4,Susan
42,Suzanne,Taylor,2,Susan
43,Michael,Stacy,2,Susan
44,Lisa,Jennifer,4,Susan
45,Stacy,Cindy,3,Susan
46,Christopher,Amanda,3,Susan
47,Daniel,Adam,2,Susan
48,Jennifer,James,3,Susan
49,Amber,Taylor,2,Susan
50,Hannah,Lisa,4,Susan
51,Taylor,Linda,1,Susan
52,Stacy,Teresa,1,Susan
53,Ashley,Linda,3,Susan
54,Michael,Hannah,4,Susan
55,Hannah,Adam,2,Susan
56,Taylor,James,2,Susan
57,Joseph,Robin,3,Susan
58,Stacy,Jennifer,3,Susan
59,Charles,Suzanne,4,Susan
60,Charles,Adam,2,Susan
61,Kelly,Daniel,1,Susan
62,Susan,Joseph,1,Susan
63,James,Teresa,3,Susan
64,Ashley,Ashley,2,Susan
65,Stacy,Hannah,4,Susan
66,Adam,Alexis,1,Susan
67,Daniel,James,4,Susan
68,Amanda,Christopher,4,Susan
69,Bobby,Linda,3,Susan
70,Mark,Bobby,1,Susan
71,Lisa,Joseph,3,Susan
72,Adam,Christopher,1,Susan
73,Lisa,William,4,Susan
74,Nathan,Cindy,2,Susan
75,Daniel,James,2,Susan
76,Adam,William,2,Susan
77,Cindy,Hannah,1,Susan
78,Amber,Hannah,2,Susan
79,Daniel,Linda,2,Susan
80,Jennifer,Jennifer,3,Susan
81,Megan,Charles,1,Susan
82,Charles,Amanda,3,Susan
83,Megan,Nathan,3,Susan
84,Robin,Susan,4,Susan
85,Ashley,Suzanne,2,Susan
86,Daniel,Taylor,1,Susan
87,James,David,3,Susan
88,Jennifer,Amanda,3,Susan
89,Linda,William,3,Susan
90,Nathan,Christopher,3,Susan
91,Cindy,Ashley,2,Susan
92,Teresa,Joseph,2,Susan
93,Lisa,Alexis,1,Susan
94,Michael,Mark,4,Susan
95,Linda,Jennifer,4,Susan
96,Charles,Mark,3,Susan
97,Bobby,Cindy,3,Susan
98,Kelly,Teresa,4,Susan
99,Michael,Hannah,1,Susan
100,Ashley,Jennifer,1,Susan
101,Mark,Robin,4,Susan
102,Daniel,Susan,4,Susan
103,Kelly,Jennifer,2,Susan
104,Teresa,Mark,1,Susan
105,Bobby,Stacy,4,Susan
106,Ashley,George,4,Susan
107,Amber,Michael,2,Susan
108,Cindy,William,1,Susan
109,Nathan,Teresa,3,Susan
110,George,Linda,4,Susan
111,Jennifer,Susan,4,Susan
112,Hannah,Nathan,3,Susan
113,Ashley,Susan,1,Susan
114,David,William,4,Susan
115,Amber,Mark,3,Susan
116,Amanda,Amber,4,Susan
117,Lisa,Adam,2,Susan
118,Bobby,Nathan,2,Susan
119,Amanda,William,2,Susan
120,Ashley,Nathan,3,Susan
121,Cindy,Cindy,3,Susan
122,Kelly,Charles,2,Susan
123,Taylor,Jennifer,4,Susan
124,Susan,Linda,4,Susan
125,Mark,Linda,3,Susan
126,Robin,Teresa,3,Susan
127,Nathan,Robin,4,Susan
128,Michael,George,3,Susan
129,Bobby,Taylor,4,Susan
130,Robin,Megan,4,Susan
131,Cindy,Susan,2,Susan
132,Megan,Nathan,1,Susan
133,Ashley,Michael,1,Susan
134,Bobby,David,3,Susan
135,Michael,Hannah,1,Susan
136,Nathan,Christopher,3,Susan
137,Christopher,Nathan,2,Susan
138,Adam,Hannah,1,Susan
139,Ashley,Nathan,1,Susan
140,Suzanne,Susan,1,Charles
141,Ashley,Robin,2,Charles
142,Lisa,Megan,1,Charles
143,Suzanne,Robin,3,Charles
144,Kelly,Mark,1,Charles
145,Lisa,Bobby,2,Charles
146,Amanda,Cindy,3,Charles
147,Taylor,Susan,3,Charles
148,Joseph,Robin,3,Charles
149,Nathan,Ashley,1,Charles
150,Robin,Susan,4,Charles
151,Nathan,Bobby,2,Charles
152,Teresa,Adam,1,Charles
153,Megan,Linda,1,Charles
154,Kelly,Stacy,3,Charles
155,Joseph,Cindy,4,Charles
156,Christopher,Alexis,4,Charles
157,Daniel,Kelly,4,Charles
158,Susan,Linda,4,Charles
159,Amanda,James,2,Charles
160,Joseph,Kelly,3,Charles
161,Cindy,Stacy,1,Charles
162,William,George,1,Charles
163,Adam,Lisa,1,Charles
164,Linda,Charles,2,Charles
165,David,Cindy,4,Charles
166,Lisa,Ashley,3,Charles
167,Jennifer,James,1,Charles
168,Daniel,George,4,Charles
169,Mark,William,3,Charles
170,Jennifer,Joseph,4,Charles
171,Jennifer,Susan,4,Charles
172,Bobby,Adam,4,Charles
173,Cindy,Stacy,1,Charles
174,Amanda,Amber,1,Charles
175,William,Kelly,1,Charles
176,Teresa,David,4,Charles
177,James,Ashley,2,Charles
178,Michael,David,1,Charles
179,Jennifer,Taylor,3,Charles
180,Kelly,Lisa,4,Charles
181,Nathan,George,1,Charles
182,Megan,Teresa,3,Charles
183,Robin,Teresa,2,Charles
184,Susan,Christopher,1,Charles
185,Charles,Kelly,3,Charles
186,Robin,Charles,1,Charles
187,David,Susan,1,Charles
188,Daniel,Lisa,3,Charles
189,Taylor,Cindy,3,Charles
190,Alexis,Taylor,2,Charles
191,James,Amanda,1,Charles
192,Susan,Robin,1,Charles
193,Stacy,David,2,Charles
194,Christopher,Daniel,1,Charles
195,Adam,Christopher,1,Charles
196,Lisa,Lisa,3,Charles
197,Stacy,Stacy,4,Charles
198,James,David,4,Charles
199,Linda,Nathan,1,Charles
200,Ashley,Mark,1,Charles
201,George,Linda,4,Charles
202,Teresa,William,2,Charles
203,Ashley,William,1,Charles
204,Charles,Stacy,3,Charles
205,Amanda,Susan,4,Charles
206,Megan,Charles,3,Charles
207,Robin,Charles,4,Charles
208,Charles,Susan,2,Charles
209,Linda,William,2,Charles
210,Daniel,Susan,1,Charles
211,Joseph,George,4,Charles
212,Ashley,Taylor,4,Charles
213,Taylor,Megan,1,Charles
214,James,Robin,4,Charles
215,Jennifer,Bobby,3,Charles
216,Amanda,Ashley,1,Charles
217,Jennifer,George,4,Charles
218,Jennifer,Amanda,1,Charles
219,Ashley,William,3,Charles
220,Alexis,Nathan,2,Charles
221,Bobby,Mark,1,Charles
222,Daniel,Adam,4,Charles
223,Jennifer,William,3,Charles
224,Kelly,Ashley,3,Charles
225,Robin,George,1,Charles
226,Megan,Jennifer,2,Charles
227,Linda,Kelly,3,Charles
228,Adam,Kelly,3,Charles
229,David,Ashley,1,Charles
230,Christopher,David,1,Charles
231,Lisa,Hannah,3,Charles
232,Linda,Amber,3,Charles
233,Amanda,Ashley,4,Charles
234,Cindy,James,1,Charles
235,Joseph,Jennifer,4,Charles
236,Suzanne,Christopher,2,Charles
237,Michael,Amanda,3,Charles
238,Alexis,Bobby,1,Charles
239,Taylor,George,1,Charles
240,Christopher,Joseph,4,Charles
241,William,William,1,Charles
242,Adam,Jennifer,3,Charles
243,David,Cindy,3,Charles
244,Ashley,Robin,1,Charles
245,James,Suzanne,4,Charles
246,Bobby,Susan,1,Charles
247,Stacy,George,3,Charles
248,Amber,William,4,Charles
249,Daniel,Linda,2,Charles
250,Taylor,Kelly,4,Charles
251,Hannah,James,1,Charles
252,Ashley,Charles,4,Charles
253,Suzanne,Amber,2,Charles
254,Adam,Amanda,4,Charles
255,Bobby,Amber,2,Charles
256,Megan,Amanda,3,Charles
257,Taylor,Bobby,3,Charles
258,Taylor,Cindy,4,Charles
259,Christopher,Amber,2,Charles
260,James,Stacy,2,James
261,Michael,Amber,4,James
262,Lisa,William,2,James
263,Nathan,Stacy,3,James
264,Nathan,Stacy,2,James
265,Nathan,Amber,4,James
266,Christopher,Amanda,2,James
267,Amber,Lisa,2,James
268,Bobby,David,1,James
269,Megan,Ashley,2,James
270,Alexis,Suzanne,4,James
271,Joseph,Hannah,2,James
272,William,Joseph,4,James
273,Daniel,Taylor,3,James
274,Amber,Hannah,3,James
275,Mark,Robin,1,James
276,Lisa,Daniel,1,James
277,Joseph,Mark,3,James
278,Mark,Daniel,3,James
279,Taylor,Ashley,3,James
280,Susan,Adam,1,James
281,Christopher,Robin,3,James
282,Amanda,Christopher,2,James
283,Charles,Amber,3,James
284,Taylor,Kelly,2,James
285,James,Teresa,1,James
286,Robin,Amber,4,James
287,William,Hannah,1,James
288,Linda,William,4,James
289,Charles,Kelly,2,James
290,Michael,Lisa,1,James
291,George,Megan,3,James
292,Alexis,Bobby,4,James
293,Charles,George,2,James
294,Teresa,Mark,4,James
295,Cindy,Adam,4,James
296,Lisa,Alexis,2,James
297,Alexis,Nathan,3,James
298,Amber,Kelly,4,James
299,Amanda,Bobby,3,James
300,Amber,Hannah,1,James
301,Amber,Michael,1,James
302,Daniel,Stacy,4,James
303,Kelly,Bobby,2,James
304,Joseph,Adam,4,James
305,Kelly,Christopher,1,James
306,Adam,William,3,James
307,Michael,Alexis,2,James
308,Christopher,George,2,James
309,Amanda,Charles,1,James
310,Susan,Lisa,2,James
311,Suzanne,Charles,4,James
312,Suzanne,Charles,1,James
313,Cindy,Megan,4,James
314,Cindy,Joseph,4,James
315,Amanda,Charles,4,James
316,Suzanne,Cindy,3,James
317,William,Nathan,1,James
318,Nathan,Bobby,1,James
319,Susan,Hannah,3,James
320,Charles,Amber,4,James
321,Teresa,Lisa,4,James
322,Nathan,Amber,3,James
323,Amanda,Amanda,1,James
324,Stacy,Adam,1,James
325,Cindy,Alexis,4,James
326,Taylor,Joseph,4,James
327,Jennifer,Hannah,3,James
328,Alexis,Teresa,2,James
329,Taylor,Jennifer,2,James
330,Christopher,Alexis,4,James
331,Hannah,Amanda,4,James
332,Robin,George,2,James
333,Nathan,Stacy,3,James
334,Amber,Suzanne,3,James
335,William,Jennifer,1,James
336,William,Teresa,4,James
337,Jennifer,Joseph,2,James
338,Cindy,William,4,James
339,James,Charles,4,James
340,Daniel,Stacy,1,James
341,James,Megan,1,James
342,Hannah,Alexis,3,James
343,Joseph,Daniel,3,James
344,David,Megan,4,James
345,Daniel,Michael,4,James
346,Linda,James,2,James
347,Megan,Amanda,1,James
348,Charles,David,2,James
349,Hannah,Kelly,3,James
350,Taylor,Nathan,3,Jennifer
351,Amanda,Amber,3,Jennifer
352,Susan,Alexis,3,Jennifer
353,Linda,Kelly,1,Jennifer
354,Daniel,William,4,Jennifer
355,Susan,Christopher,1,Jennifer
356,Amanda,Kelly,2,Jennifer
357,Suzanne,Linda,2,Jennifer
358,Linda,Teresa,1,Jennifer
359,Linda,Daniel,3,Jennifer
360,Kelly,Cindy,2,Jennifer
361,Suzanne,David,3,Jennifer
362,Taylor,Nathan,4,Jennifer
363,Jennifer,Alexis,3,Jennifer
364,Michael,Taylor,3,Jennifer
365,Taylor,Daniel,2,Jennifer
366,Lisa,Ashley,1,Jennifer
367,Lisa,David,1,Jennifer
368,Amber,Adam,4,Jennifer
369,Taylor,Charles,4,Jennifer
370,Amber,Suzanne,2,Jennifer
371,Robin,Nathan,3,Jennifer
372,Michael,Daniel,1,Jennifer
373,Teresa,Adam,2,Jennifer
374,Mark,Mark,4,Jennifer
375,Robin,Stacy,2,Jennifer
376,Mark,George,4,Jennifer
377,Hannah,Bobby,1,Jennifer
378,Hannah,Megan,4,Jennifer
379,Kelly,George,1,Jennifer
380,Nathan,Mark,3,Jennifer
381,Megan,Michael,3,Jennifer
382,George,Stacy,3,Jennifer
383,Jennifer,Bobby,4,Jennifer
384,Susan,Megan,1,Jennifer
385,Robin,Suzanne,2,Jennifer
386,Suzanne,Susan,1,Jennifer
387,Megan,Taylor,3,Jennifer
388,Cindy,George,1,Jennifer
389,Stacy,Adam,2,Jennifer
390,Robin,Kelly,4,Kelly
391,Lisa,Alexis,3,Kelly
392,Hannah,William,1,Kelly
393,James,Robin,3,Kelly
394,Nathan,David,4,Kelly
395,Linda,Ashley,4,Kelly
396,Megan,Alexis,4,Kelly
397,Susan,Kelly,1,Kelly
398,James,Christopher,4,Kelly
399,Jennifer,Joseph,4,Kelly
400,Michael,Amanda,1,William
401,Cindy,Hannah,1,William
402,Ashley,Daniel,2,William
403,George,Teresa,4,William
404,Cindy,William,3,William
405,Lisa,Nathan,1,Nathan
406,David,Megan,2,Bobby
407,Robin,Joseph,4,Robin
408,Adam,Jennifer,4,William
409,Hannah,Taylor,1,Daniel
410,Alexis,Kelly,4,William
411,James,Megan,3,William
412,Lisa,David,3,Amber
413,Suzanne,Nathan,1,Stacy
414,Megan,Daniel,3,Alexis
415,Amber,Bobby,2,Hannah
416,Taylor,Kelly,3,Alexis
417,Lisa,Christopher,1,Linda
418,Lisa,Charles,3,Megan
419,Bobby,Ashley,3,Nathan
420,Susan,Joseph,3,David
421,Ashley,Teresa,3,Amber
422,Amanda,Kelly,2,Stacy
423,Megan,Jennifer,3,Joseph
424,Nathan,George,4,Ashley
425,Adam,Lisa,4,George
426,Nathan,Charles,2,Ashley
427,William,Kelly,2,Lisa
428,Teresa,James,2,George
429,William,Michael,1,Amanda
430,Suzanne,Lisa,1,Ashley
431,Hannah,Daniel,1,Bobby
432,Nathan,Michael,4,Hannah
433,Robin,Bobby,2,Mark
434,Stacy,David,3,Christopher
435,Cindy,Charles,1,Linda
436,Amber,Amber,2,George
437,Jennifer,Daniel,3,David
438,Hannah,Hannah,4,Ashley
439,Lisa,Jennifer,3,Suzanne
440,Bobby,Nathan,2,Robin
441,George,George,4,Daniel
442,Taylor,Taylor,1,Joseph
443,Taylor,Bobby,1,Amanda
444,George,Robin,4,Joseph
445,William,Michael,3,Cindy
446,Joseph,Hannah,1,Christopher
447,Alexis,Susan,4,Hannah
448,Susan,Cindy,2,Megan
449,David,Alexis,2,William
450,Charles,Teresa,2,Megan
451,Amber,George,2,Taylor
452,Robin,Adam,3,Christopher
453,William,Jennifer,2,Stacy
454,Lisa,Lisa,3,Taylor
455,Charles,Hannah,3,Megan
456,Daniel,Linda,4,Ashley
457,Cindy,Christopher,1,Teresa
458,Teresa,Taylor,2,George
459,Cindy,Amanda,1,David
460,Bobby,Alexis,1,Cindy
461,Nathan,Christopher,1,Taylor
462,Charles,Susan,1,Teresa
463,Kelly,Daniel,3,Michael
464,David,Hannah,1,Taylor
465,Charles,Suzanne,2,Stacy
466,Suzanne,Cindy,4,Linda
467,Taylor,George,3,Cindy
468,Jennifer,Adam,2,Cindy
469,Christopher,James,3,Linda
470,Jennifer,Lisa,4,William
471,Adam,Robin,3,Joseph
472,Susan,Jennifer,3,Alexis
473,Susan,Cindy,3,Robin
474,Alexis,Linda,3,Christopher
475,Jennifer,David,3,Taylor
476,Bobby,Jennifer,3,Taylor
477,Joseph,Charles,2,Lisa
478,Mark,Linda,1,Linda
479,Michael,Nathan,3,David
480,Lisa,David,2,Michael
481,Adam,Taylor,2,William
482,Adam,William,3,Hannah
483,Amber,Daniel,4,George
484,Suzanne,Amanda,3,William
485,Bobby,Michael,3,Mark
486,David,Michael,1,David
487,Nathan,Amanda,1,Stacy
488,Linda,Nathan,2,Linda
489,Amber,Amanda,3,Taylor
490,Daniel,Megan,3,Hannah
491,Daniel,Robin,4,Robin
492,Teresa,Taylor,1,George
493,Cindy,William,2,Bobby
494,Mark,Mark,2,Joseph
495,James,Daniel,2,Christopher
496,Nathan,Taylor,2,George
497,Joseph,Teresa,3,Megan
498,Teresa,Hannah,1,Amber
499,Megan,Teresa,3,Amanda
500,Teresa,Christopher,4,Michael
501,Amber,Charles,2,William
502,Joseph,Taylor,2,Suzanne
503,William,Amanda,4,Mark
504,Nathan,Mark,4,Megan
505,Adam,Adam,1,Amber
506,Suzanne,Jennifer,4,Christopher
507,Amanda,Jennifer,4,Mark
508,Megan,Robin,2,Linda
509,Michael,Amber,2,Megan
510,Suzanne,Kelly,2,Robin
511,Suzanne,Nathan,2,Megan
512,Teresa,James,3,William
513,Kelly,Jennifer,4,Stacy
514,Suzanne,Susan,1,Adam
515,Mark,Cindy,4,George
516,David,Mark,4,Amanda
517,Daniel,Mark,2,Megan
518,George,Adam,2,Mark
519,Lisa,Susan,3,David
520,Robin,Lisa,3,Nathan
521,Lisa,Amber,3,Amber
522,Robin,Amber,3,Teresa
523,James,Lisa,2,Linda
524,Alexis,Bobby,1,Christopher
525,Taylor,Stacy,4,Ashley
526,Cindy,Nathan,2,Stacy
527,Susan,Jennifer,1,Suzanne
528,James,George,1,Ashley
529,Joseph,Megan,4,Nathan
530,George,Adam,3,Mark
531,Amanda,Amanda,2,William
532,Bobby,Mark,1,Megan
533,James,Susan,2,Linda
534,Jennifer,George,1,Michael
535,Bobby,William,3,Cindy
536,Amber,Nathan,1,Hannah
537,Adam,Lisa,1,David
538,David,Cindy,1,Robin
539,Adam,James,3,Alexis
540,Jennifer,Linda,3,David
541,William,George,3,Cindy
542,Michael,Amber,2,Robin
543,Jennifer,William,4,Daniel
544,David,Megan,2,Hannah
545,George,Lisa,3,Joseph
546,Lisa,Linda,2,Hannah
547,Susan,Taylor,1,Megan
548,Amber,Mark,3,Michael
549,Daniel,Alexis,1,Hannah
550,Lisa,Suzanne,4,William
551,Kelly,Robin,1,Robin
552,William,Megan,3,Megan
553,Stacy,Mark,3,Nathan
554,Christopher,George,4,Daniel
555,Linda,Amanda,3,William
556,Alexis,Stacy,4,Teresa
557,Lisa,Adam,4,Michael
558,Lisa,James,1,Christopher
559,Nathan,James,2,Lisa
560,Susan,Bobby,3,Hannah
561,Amber,Amanda,3,Cindy
562,Kelly,Daniel,4,Michael
563,David,Michael,1,Alexis
564,Megan,Amanda,1,Adam
565,Susan,David,2,Daniel
566,Susan,Lisa,4,Ashley
567,Kelly,David,3,Taylor
568,Alexis,Amber,3,Linda
569,Suzanne,Stacy,3,Daniel
570,Charles,Robin,3,Lisa
571,Charles,Mark,2,Adam
572,Hannah,James,2,Nathan
573,Daniel,Megan,1,Teresa
574,Linda,Nathan,4,Joseph
575,Daniel,Robin,4,Linda
576,George,Susan,3,William
577,William,Taylor,2,Lisa
578,William,Teresa,4,Hannah
579,Suzanne,Joseph,1,Stacy
580,Nathan,Alexis,1,Amanda
581,David,James,1,Adam
582,Kelly,Amber,2,Amber
583,Lisa,Linda,1,Daniel
584,George,William,1,Amber
585,Hannah,Adam,2,Robin
586,Linda,Amber,4,Suzanne
587,Joseph,Robin,1,Megan
588,Bobby,Megan,1,Cindy
589,Alexis,Mark,3,Michael
590,Stacy,Amanda,3,Robin
591,Michael,Nathan,1,Suzanne
592,Kelly,George,2,Christopher
593,Kelly,Amanda,4,Robin
594,Amanda,Cindy,2,Ashley
595,Linda,Suzanne,3,Alexis
596,William,Taylor,3,Michael
597,Hannah,Ashley,2,Amanda
598,Amber,Kelly,3,David
599,Amanda,David,2,Suzanne
