Name,Pokedex,Stamina,Attack,Defense,Primary,Secondary,MaxHP,Capture_rate,Escape_rate,Weight,Height,Legendary,MaxCP,Generation
Bulbasaur,1,128,118,111,Grass,Poison,113,0.2,0.1,6.9,0.7,FALSE,1115,1
Ivysaur,2,155,151,143,Grass,Poison,134,0.1,0.07,13,1,FALSE,1699,1
Venusaur,3,190,198,189,Grass,Poison,162,0.05,0.05,100,2,FALSE,2720,1
Charmander,4,118,116,93,Fire,None,105,0.2,0.1,8.5,0.6,FALSE,980,1
Charmeleon,5,151,158,126,Fire,None,131,0.1,0.07,19,1.1,FALSE,1653,1
Charizard,6,186,223,173,Fire,Flying,158,0.05,0.05,90.5,1.7,FALSE,2889,1
Squirtle,7,127,94,121,Water,None,112,0.2,0.1,9,0.5,FALSE,946,1
Wartortle,8,153,126,155,Water,None,132,0.1,0.07,22.5,1,FALSE,1488,1
Blastoise,9,188,171,207,Water,None,160,0.05,0.05,85.5,1.6,FALSE,2466,1
Caterpie,10,128,55,55,Bug,None,113,0.5,0.2,2.9,0.3,FALSE,437,1
Metapod,11,137,45,80,Bug,None,120,0.25,0.09,9.9,0.7,FALSE,450,1
Butterfree,12,155,167,137,Bug,Flying,134,0.125,0.06,32,1.1,FALSE,1827,1
Weedle,13,120,63,50,Bug,Poison,106,0.5,0.2,3.2,0.3,FALSE,456,1
Kakuna,14,128,46,75,Bug,Poison,113,0.25,0.09,10,0.6,FALSE,432,1
Beedrill,15,163,169,130,Bug,Poison,140,0.125,0.06,29.5,1,FALSE,1846,1
Pidgey,16,120,85,73,Normal,Flying,106,0.5,0.2,1.8,0.3,FALSE,680,1
Pidgeotto,17,160,117,105,Normal,Flying,138,0.25,0.09,30,1.1,FALSE,1194,1
Pidgeot,18,195,166,154,Normal,Flying,165,0.125,0.06,39.5,1.5,FALSE,2129,1
Rattata,19,102,103,70,Normal,None,92,0.5,0.2,3.5,0.3,FALSE,734,1
Raticate,20,146,161,139,Normal,None,127,0.2,0.07,18.5,0.7,FALSE,1730,1
Spearow,21,120,112,60,Normal,Flying,106,0.5,0.15,2,0.3,FALSE,798,1
Fearow,22,163,182,133,Normal,Flying,140,0.2,0.07,38,1.2,FALSE,1997,1
Ekans,23,111,110,97,Poison,None,99,0.5,0.15,6.9,2,FALSE,927,1
Arbok,24,155,167,153,Poison,None,134,0.2,0.07,65,3.5,FALSE,1921,1
Pikachu,25,111,112,96,Electric,None,99,0.2,0.1,6,0.4,FALSE,938,1
Raichu,26,155,193,151,Electric,None,134,0.1,0.06,30,0.8,FALSE,2182,1
Sandshrew,27,137,126,120,Ground,None,120,0.5,0.1,12,0.6,FALSE,1261,1
Sandslash,28,181,182,175,Ground,None,154,0.2,0.06,29.5,1,FALSE,2374,1
Nidoran♀,29,146,86,89,Poison,None,127,0.5,0.15,7,0.4,FALSE,816,1
Nidorina,30,172,117,120,Poison,None,147,0.25,0.07,20,0.8,FALSE,1309,1
Nidoqueen,31,207,180,173,Poison,Ground,175,0.125,0.05,60,1.3,FALSE,2488,1
Nidoran♂,32,130,105,76,Poison,None,114,0.5,0.15,9,0.5,FALSE,860,1
Nidorino,33,156,137,111,Poison,None,135,0.25,0.07,19.5,0.9,FALSE,1393,1
Nidoking,34,191,204,156,Poison,Ground,162,0.125,0.05,62,1.4,FALSE,2567,1
Clefairy,35,172,107,108,Fairy,None,147,0.3,0.1,7.5,0.6,FALSE,1155,1
Clefable,36,216,178,162,Fairy,None,182,0.1,0.06,40,1.3,FALSE,2437,1
Vulpix,37,116,96,109,Fire,None,103,0.3,0.1,9.9,0.6,FALSE,883,1
Ninetales,38,177,169,190,Fire,None,151,0.1,0.06,19.9,1.1,FALSE,2279,1
Jigglypuff,39,251,80,41,Normal,Fairy,210,0.5,0.1,5.5,0.5,FALSE,724,1
Wigglytuff,40,295,156,90,Normal,Fairy,244,0.2,0.06,12,1,FALSE,1926,1
Zubat,41,120,83,73,Poison,Flying,106,0.5,0.2,7.5,0.8,FALSE,667,1
Golbat,42,181,161,150,Poison,Flying,154,0.2,0.07,55,1.6,FALSE,1976,1
Oddish,43,128,131,112,Grass,Poison,113,0.6,0.15,5.4,0.5,FALSE,1228,1
Gloom,44,155,153,136,Grass,Poison,134,0.3,0.07,8.6,0.8,FALSE,1681,1
Vileplume,45,181,202,167,Grass,Poison,154,0.15,0.05,18.6,1.2,FALSE,2559,1
Paras,46,111,121,99,Bug,Grass,99,0.4,0.15,5.4,0.3,FALSE,1018,1
Parasect,47,155,165,146,Bug,Grass,134,0.2,0.07,29.5,1,FALSE,1859,1
Venonat,48,155,100,100,Bug,Poison,134,0.5,0.15,30,1,FALSE,1004,1
Venomoth,49,172,179,143,Bug,Poison,147,0.2,0.07,12.5,1.5,FALSE,2082,1
Diglett,50,67,109,78,Ground,None,64,0.5,0.1,0.8,0.2,FALSE,676,1
Dugtrio,51,111,167,136,Ground,None,99,0.2,0.06,33.3,0.7,FALSE,1567,1
Meowth,52,120,92,78,Normal,None,106,0.5,0.15,4.2,0.4,FALSE,748,1
Persian,53,163,150,136,Normal,None,140,0.2,0.07,32,1,FALSE,1689,1
Psyduck,54,137,122,95,Water,None,120,0.5,0.1,19.6,0.8,FALSE,1106,1
Golduck,55,190,191,162,Water,None,162,0.2,0.06,76.6,1.7,FALSE,2450,1
Mankey,56,120,148,82,Fighting,None,106,0.5,0.1,28,0.5,FALSE,1164,1
Primeape,57,163,207,138,Fighting,None,140,0.2,0.06,32,1,FALSE,2288,1
Growlithe,58,146,136,93,Fire,None,127,0.3,0.1,19,0.7,FALSE,1243,1
Arcanine,59,207,227,166,Fire,None,175,0.1,0.06,155,1.9,FALSE,3029,1
Poliwag,60,120,101,82,Water,None,106,0.5,0.15,12.4,0.6,FALSE,829,1
Poliwhirl,61,163,130,123,Water,None,140,0.25,0.07,20,1,FALSE,1419,1
Poliwrath,62,207,182,184,Water,Fighting,175,0.125,0.05,54,1.3,FALSE,2586,1
Abra,63,93,195,82,Psychic,None,85,0.5,0.99,19.5,0.9,FALSE,1342,1
Kadabra,64,120,232,117,Psychic,None,106,0.25,0.07,56.5,1.3,FALSE,2059,1
Alakazam,65,146,271,167,Psychic,None,127,0.1,0.05,48,1.5,FALSE,3057,1
Machop,66,172,137,82,Fighting,None,147,0.5,0.1,19.5,0.8,FALSE,1278,1
Machoke,67,190,177,125,Fighting,None,162,0.25,0.07,70.5,1.5,FALSE,2031,1
Machamp,68,207,234,159,Fighting,None,175,0.1,0.05,130,1.6,FALSE,3056,1
Bellsprout,69,137,139,61,Grass,Poison,120,0.5,0.15,4,0.7,FALSE,1033,1
Weepinbell,70,163,172,92,Grass,Poison,140,0.25,0.07,6.4,1,FALSE,1611,1
Victreebel,71,190,207,135,Grass,Poison,162,0.125,0.05,15.5,1.7,FALSE,2431,1
Tentacool,72,120,97,149,Water,Poison,106,0.5,0.15,45.5,0.9,FALSE,1040,1
Tentacruel,73,190,166,209,Water,Poison,162,0.2,0.07,55,1.6,FALSE,2422,1
Geodude,74,120,132,132,Rock,Ground,106,0.5,0.1,20,0.4,FALSE,1293,1
Graveler,75,146,164,164,Rock,Ground,127,0.25,0.07,105,1,FALSE,1897,1
Golem,76,190,211,198,Rock,Ground,162,0.125,0.05,300,1.4,FALSE,2949,1
Ponyta,77,137,170,127,Fire,None,120,0.4,0.1,30,1,FALSE,1697,1
Rapidash,78,163,207,162,Fire,None,140,0.15,0.06,95,1.7,FALSE,2461,1
Slowpoke,79,207,109,98,Water,Psychic,175,0.5,0.1,36,1.2,FALSE,1226,1
Slowbro,80,216,177,180,Water,Psychic,182,0.2,0.06,78.5,1.6,FALSE,2545,1
Magnemite,81,93,165,121,Electric,Steel,85,0.5,0.1,6,0.3,FALSE,1362,1
Magneton,82,137,223,169,Electric,Steel,120,0.2,0.06,60,1,FALSE,2485,1
Farfetch'd,83,141,124,115,Normal,Flying,123,0.3,0.09,15,0.8,FALSE,1236,1
Doduo,84,111,158,83,Normal,Flying,99,0.5,0.1,39.2,1.4,FALSE,1200,1
Dodrio,85,155,218,140,Normal,Flying,134,0.2,0.06,85.2,1.8,FALSE,2362,1
Seel,86,163,85,121,Water,None,140,0.5,0.09,90,1.1,FALSE,971,1
Dewgong,87,207,139,177,Water,Ice,175,0.2,0.06,120,1.7,FALSE,1985,1
Grimer,88,190,135,90,Poison,None,162,0.5,0.1,30,0.9,FALSE,1374,1
Muk,89,233,190,172,Poison,None,195,0.2,0.06,30,1.2,FALSE,2757,1
Shellder,90,102,116,134,Water,None,92,0.5,0.1,4,0.3,FALSE,1080,1
Cloyster,91,137,186,256,Water,Ice,120,0.2,0.06,132.5,1.5,FALSE,2547,1
Gastly,92,102,186,67,Ghost,Poison,92,0.4,0.1,0.1,1.3,FALSE,1229,1
Haunter,93,128,223,107,Ghost,Poison,113,0.2,0.07,0.1,1.6,FALSE,1963,1
Gengar,94,155,261,149,Ghost,Poison,134,0.1,0.05,40.5,1.5,FALSE,2878,1
Onix,95,111,85,232,Rock,Ground,99,0.2,0.09,210,8.8,FALSE,1101,1
Drowzee,96,155,89,136,Psychic,None,134,0.5,0.1,32.4,1,FALSE,1040,1
Hypno,97,198,144,193,Psychic,None,168,0.2,0.06,75.6,1.6,FALSE,2090,1
Krabby,98,102,181,124,Water,None,92,0.5,0.15,6.5,0.4,FALSE,1561,1
Kingler,99,146,240,181,Water,None,127,0.2,0.07,60,1.3,FALSE,2829,1
Voltorb,100,120,109,111,Electric,None,106,0.5,0.1,10.4,0.5,FALSE,1010,1
Electrode,101,155,173,173,Electric,None,134,0.2,0.06,66.6,1.2,FALSE,2099,1
Exeggcute,102,155,107,125,Grass,Psychic,134,0.5,0.1,2.5,0.4,FALSE,1175,1
Exeggutor,103,216,233,149,Grass,Psychic,182,0.2,0.06,120,2,FALSE,3014,1
Cubone,104,137,90,144,Ground,None,120,0.4,0.1,6.5,0.4,FALSE,1019,1
Marowak,105,155,144,186,Ground,None,134,0.15,0.06,45,1,FALSE,1835,1
Hitmonlee,106,137,224,181,Fighting,None,120,0.2,0.09,49.8,1.5,FALSE,2576,1
Hitmonchan,107,137,193,197,Fighting,None,120,0.2,0.09,50.2,1.4,FALSE,2332,1
Lickitung,108,207,108,137,Normal,None,175,0.2,0.09,65.5,1.2,FALSE,1411,1
Koffing,109,120,119,141,Poison,None,106,0.5,0.1,1,0.6,FALSE,1214,1
Weezing,110,163,174,197,Poison,None,140,0.2,0.06,9.5,1.2,FALSE,2293,1
Rhyhorn,111,190,140,127,Ground,Rock,162,0.5,0.1,115,1,FALSE,1651,1
Rhydon,112,233,222,171,Ground,Rock,195,0.05,0.06,120,1.9,FALSE,3179,1
Chansey,113,487,60,128,Normal,None,396,0.2,0.09,34.6,1.1,FALSE,1255,1
Tangela,114,163,183,169,Grass,None,140,0.4,0.09,35,1,FALSE,2238,1
Kangaskhan,115,233,181,165,Normal,None,195,0.2,0.09,80,2.2,FALSE,2586,1
Horsea,116,102,129,103,Water,None,92,0.5,0.1,8,0.4,FALSE,1056,1
Seadra,117,146,187,156,Water,None,127,0.2,0.06,25,1.2,FALSE,2093,1
Goldeen,118,128,123,110,Water,None,113,0.5,0.15,15,0.6,FALSE,1152,1
Seaking,119,190,175,147,Water,None,162,0.2,0.07,39,1.3,FALSE,2162,1
Staryu,120,102,137,112,Water,None,92,0.5,0.15,34.5,0.8,FALSE,1157,1
Starmie,121,155,210,184,Water,Psychic,134,0.2,0.06,80,1.1,FALSE,2584,1
Mr.,122,120,192,205,Psychic,Fairy,106,0.3,0.09,54.5,1.3,FALSE,2228,1
Scyther,123,172,218,170,Bug,Flying,147,0.3,0.09,56,1.5,FALSE,2706,1
Jynx,124,163,223,151,Ice,Psychic,140,0.3,0.09,40.6,1.4,FALSE,2555,1
Electabuzz,125,163,198,158,Electric,None,140,0.2,0.09,30,1.1,FALSE,2334,1
Magmar,126,163,206,154,Fire,None,140,0.2,0.09,44.5,1.3,FALSE,2394,1
Pinsir,127,163,238,182,Bug,None,140,0.3,0.09,55,1.5,FALSE,2959,1
Tauros,128,181,198,183,Normal,None,154,0.3,0.09,88.4,1.4,FALSE,2620,1
Magikarp,129,85,29,85,Water,None,79,0.7,0.15,10,0.9,FALSE,274,1
Gyarados,130,216,237,186,Water,Flying,182,0.1,0.07,235,6.5,FALSE,3391,1
Lapras,131,277,165,174,Water,Ice,230,0.05,0.09,220,2.5,FALSE,2641,1
Ditto,132,134,91,91,Normal,None,117,0.2,0.1,4,0.3,FALSE,832,1
Eevee,133,146,104,114,Normal,None,127,0.4,0.1,6.5,0.3,FALSE,1071,1
Vaporeon,134,277,205,161,Water,None,230,0.125,0.06,29,1,FALSE,3114,1
Jolteon,135,163,232,182,Electric,None,140,0.125,0.06,24.5,0.8,FALSE,2888,1
Flareon,136,163,246,179,Fire,None,140,0.125,0.06,25,0.9,FALSE,3029,1
Porygon,137,163,153,136,Normal,None,140,0.4,0.09,36.5,0.8,FALSE,1720,1
Omanyte,138,111,155,153,Rock,Water,99,0.4,0.09,7.5,0.4,FALSE,1544,1
Omastar,139,172,207,201,Rock,Water,147,0.15,0.05,35,1,FALSE,2786,1
Kabuto,140,102,148,140,Rock,Water,92,0.4,0.09,11.5,0.5,FALSE,1370,1
Kabutops,141,155,220,186,Rock,Water,134,0.15,0.05,40.5,1.3,FALSE,2713,1
Aerodactyl,142,190,221,159,Rock,Flying,162,0.2,0.09,59,1.8,FALSE,2783,1
Snorlax,143,330,190,169,Normal,None,272,0.05,0.09,460,2.1,FALSE,3225,1
Articuno,144,207,192,236,Ice,Flying,175,0.03,0.1,55.4,1.7,TRUE,3051,1
Zapdos,145,207,253,185,Electric,Flying,175,0.03,0.1,52.6,1.6,TRUE,3527,1
Moltres,146,207,251,181,Fire,Flying,175,0.03,0.1,60,2,TRUE,3465,1
Dratini,147,121,119,91,Dragon,None,107,0.4,0.09,3.3,1.8,FALSE,1004,1
Dragonair,148,156,163,135,Dragon,None,135,0.1,0.06,16.5,4,FALSE,1780,1
Dragonite,149,209,263,198,Dragon,Flying,177,0.05,0.05,210,2.2,FALSE,3792,1
Mewtwo,150,214,300,182,Psychic,None,180,0.06,0.1,122,2,TRUE,4178,1
Mew,151,225,210,210,Psychic,None,189,1,0,4,0.4,TRUE,3265,1
Chikorita,152,128,92,122,Grass,None,113,0.2,0.1,6.4,0.89,FALSE,935,2
Bayleef,153,155,122,155,Grass,None,134,0.125,0.07,15.8,1.19,FALSE,1454,2
Meganium,154,190,168,202,Grass,None,162,0.05,0.05,100.5,1.8,FALSE,2410,2
Cyndaquil,155,118,116,93,Fire,None,105,0.2,0.1,7.9,0.51,FALSE,980,2
Quilava,156,151,158,126,Fire,None,131,0.125,0.07,19,0.89,FALSE,1653,2
Typhlosion,157,186,223,173,Fire,None,158,0.05,0.05,79.5,1.7,FALSE,2889,2
Totodile,158,137,117,109,Water,None,120,0.2,0.1,9.5,0.61,FALSE,1131,2
Croconaw,159,163,150,142,Water,None,140,0.125,0.07,25,1.09,FALSE,1722,2
Feraligatr,160,198,205,188,Water,None,168,0.05,0.05,88.8,2.31,FALSE,2857,2
Sentret,161,111,79,73,Normal,None,99,0.5,0.2,6,0.79,FALSE,618,2
Furret,162,198,148,125,Normal,None,168,0.15,0.07,32.5,1.8,FALSE,1758,2
Hoothoot,163,155,67,88,Normal,Flying,134,0.5,0.15,21.2,0.71,FALSE,677,2
Noctowl,164,225,145,156,Normal,Flying,189,0.15,0.07,40.8,1.6,FALSE,2024,2
Ledyba,165,120,72,118,Bug,Flying,106,0.5,0.2,10.8,0.99,FALSE,728,2
Ledian,166,146,107,179,Bug,Flying,127,0.15,0.07,35.6,1.4,FALSE,1346,2
Spinarak,167,120,105,73,Bug,Poison,106,0.5,0.2,8.5,0.51,FALSE,816,2
Ariados,168,172,161,124,Bug,Poison,147,0.15,0.07,33.5,1.09,FALSE,1772,2
Crobat,169,198,194,178,Poison,Flying,168,0.1,0.05,75,1.8,FALSE,2646,2
Chinchou,170,181,106,97,Water,Electric,154,0.4,0.1,12,0.51,FALSE,1119,2
Lanturn,171,268,146,137,Water,Electric,223,0.15,0.07,22.5,1.19,FALSE,2085,2
Pichu,172,85,77,53,Electric,None,79,0,0.05,2,0.3,FALSE,473,2
Cleffa,173,137,75,79,Fairy,None,120,0,0.05,3,0.3,FALSE,671,2
Igglybuff,174,207,69,32,Normal,Fairy,175,0,0.05,1,0.3,FALSE,535,2
Togepi,175,111,67,116,Fairy,None,99,0,0.05,1.5,0.3,FALSE,657,2
Togetic,176,146,139,181,Fairy,Flying,127,0.2,0.05,3.2,0.61,FALSE,1708,2
Natu,177,120,134,89,Psychic,Flying,106,0.4,0.15,2,0.2,FALSE,1102,2
Xatu,178,163,192,146,Psychic,Flying,140,0.15,0.07,15,1.5,FALSE,2188,2
Mareep,179,146,114,79,Electric,None,127,0.5,0.1,7.8,0.61,FALSE,991,2
Flaaffy,180,172,145,109,Electric,None,147,0.25,0.07,13.3,0.79,FALSE,1521,2
Ampharos,181,207,211,169,Electric,None,175,0.125,0.05,61.5,1.4,FALSE,2852,2
Bellossom,182,181,169,186,Grass,None,154,0.05,0.05,5.8,0.41,FALSE,2281,2
Marill,183,172,37,93,Water,Fairy,147,0.5,0.1,8.5,0.41,FALSE,461,2
Azumarill,184,225,112,152,Water,Fairy,189,0.15,0.07,28.5,0.79,FALSE,1588,2
Sudowoodo,185,172,167,176,Rock,None,147,0.125,0.05,38,1.19,FALSE,2148,2
Politoed,186,207,174,179,Water,None,175,0.1,0.05,33.9,1.09,FALSE,2449,2
Hoppip,187,111,67,94,Grass,Flying,99,0.5,0.12,0.5,0.41,FALSE,600,2
Skiploom,188,146,91,120,Grass,Flying,127,0.25,0.07,1,0.61,FALSE,976,2
Jumpluff,189,181,118,183,Grass,Flying,154,0.125,0.05,3,0.79,FALSE,1636,2
Aipom,190,146,136,112,Normal,None,127,0.2,0.09,11.5,0.79,FALSE,1348,2
Sunkern,191,102,55,55,Grass,None,92,0.5,0.09,1.8,0.3,FALSE,395,2
Sunflora,192,181,185,135,Grass,None,154,0.1,0.07,8.5,0.79,FALSE,2141,2
Yanma,193,163,154,94,Bug,Flying,140,0.3,0.1,38,1.19,FALSE,1470,2
Wooper,194,146,75,66,Water,Ground,127,0.4,0.1,8.5,0.41,FALSE,641,2
Quagsire,195,216,152,143,Water,Ground,182,0.15,0.07,75,1.4,FALSE,1992,2
Espeon,196,163,261,175,Psychic,None,140,0.125,0.05,26.5,0.89,FALSE,3170,2
Umbreon,197,216,126,240,Dark,None,182,0.125,0.05,27,0.99,FALSE,2137,2
Murkrow,198,155,175,87,Dark,Flying,134,0.2,0.1,2.1,0.51,FALSE,1562,2
Slowking,199,216,177,180,Water,Psychic,182,0.1,0.05,79.5,2.01,FALSE,2545,2
Misdreavus,200,155,167,154,Ghost,None,134,0.3,0.07,1,0.71,FALSE,1926,2
Unown,201,134,136,91,Psychic,None,117,0.3,0.1,5,0.51,FALSE,1185,2
Wobbuffet,202,382,60,106,Psychic,None,313,0.25,0.07,28.5,1.3,FALSE,1026,2
Girafarig,203,172,182,133,Normal,Psychic,147,0.3,0.07,41.5,1.5,FALSE,2046,2
Pineco,204,137,108,122,Bug,None,120,0.4,0.12,7.2,0.61,FALSE,1108,2
Forretress,205,181,161,205,Bug,Steel,154,0.15,0.07,125.8,1.19,FALSE,2282,2
Dunsparce,206,225,131,128,Normal,None,189,0.3,0.2,14,1.5,FALSE,1689,2
Gligar,207,163,143,184,Ground,Flying,140,0.2,0.07,64.8,1.09,FALSE,1857,2
Steelix,208,181,148,272,Steel,Ground,154,0.1,0.05,400,9.19,FALSE,2414,2
Snubbull,209,155,137,85,Fairy,None,134,0.4,0.1,7.8,0.61,FALSE,1237,2
Granbull,210,207,212,131,Fairy,None,175,0.15,0.08,48.7,1.4,FALSE,2552,2
Qwilfish,211,163,184,138,Water,Poison,140,0.3,0.08,3.9,0.51,FALSE,2051,2
Scizor,212,172,236,181,Bug,Steel,147,0.05,0.05,125,2.01,FALSE,3001,2
Shuckle,213,85,17,396,Bug,Rock,79,0.3,0.07,20.5,0.61,FALSE,405,2
Heracross,214,190,234,179,Bug,Fighting,162,0.3,0.09,54,1.5,FALSE,3101,2
Sneasel,215,146,189,146,Dark,Ice,127,0.2,0.07,28,0.89,FALSE,2051,2
Teddiursa,216,155,142,93,Normal,None,134,0.5,0.2,8.8,0.61,FALSE,1328,2
Ursaring,217,207,236,144,Normal,None,175,0.15,0.07,125.8,1.8,FALSE,2945,2
Slugma,218,120,118,71,Fire,None,106,0.3,0.1,35,0.71,FALSE,895,2
Magcargo,219,137,139,191,Fire,Rock,120,0.125,0.06,55,0.79,FALSE,1702,2
Swinub,220,137,90,69,Ice,Ground,120,0.3,0.1,6.5,0.41,FALSE,741,2
Piloswine,221,225,181,138,Ice,Ground,189,0.125,0.06,55.8,1.09,FALSE,2345,2
Corsola,222,146,118,156,Water,Rock,127,0.3,0.12,5,0.61,FALSE,1378,2
Remoraid,223,111,127,69,Water,None,99,0.5,0.1,12,0.61,FALSE,912,2
Octillery,224,181,197,141,Water,None,154,0.15,0.07,28.5,0.89,FALSE,2315,2
Delibird,225,128,128,90,Ice,Flying,113,0.2,0.2,16,0.89,FALSE,1094,2
Mantine,226,163,148,226,Water,Flying,140,0.3,0.07,220,2.11,FALSE,2108,2
Skarmory,227,163,148,226,Steel,Flying,140,0.2,0.09,50.5,1.7,FALSE,2108,2
Houndour,228,128,152,83,Dark,Fire,113,0.4,0.1,10.8,0.61,FALSE,1234,2
Houndoom,229,181,224,144,Dark,Fire,154,0.15,0.06,35,1.4,FALSE,2635,2
Kingdra,230,181,194,194,Water,Dragon,154,0.1,0.05,152,1.8,FALSE,2641,2
Phanpy,231,207,107,98,Ground,None,175,0.5,0.2,33.5,0.51,FALSE,1206,2
Donphan,232,207,214,185,Ground,None,175,0.125,0.07,120,1.09,FALSE,3013,2
Porygon2,233,198,198,180,Normal,None,168,0.05,0.05,32.5,0.61,FALSE,2711,2
Stantler,234,177,192,131,Normal,None,151,0.3,0.08,71.2,1.4,FALSE,2164,2
Smeargle,235,146,40,83,Normal,None,127,0.25,0.07,58,1.19,FALSE,431,2
Tyrogue,236,111,64,64,Fighting,None,99,0,0.2,21,0.71,FALSE,492,2
Hitmontop,237,137,173,207,Fighting,None,120,0.1,0.05,48,1.4,FALSE,2156,2
Smoochum,238,128,153,91,Ice,Psychic,113,0,0.2,6,0.41,FALSE,1291,2
Elekid,239,128,135,101,Electric,None,113,0,0.2,23.5,0.61,FALSE,1206,2
Magby,240,128,151,99,Fire,None,113,0,0.2,21.4,0.71,FALSE,1323,2
Miltank,241,216,157,193,Normal,None,182,0.2,0.08,75.5,1.19,FALSE,2354,2
Blissey,242,496,129,169,Normal,None,403,0.05,0.05,46.8,1.5,FALSE,2757,2
Raikou,243,207,241,195,Electric,None,175,0.02,0.04,178,1.91,TRUE,3452,2
Entei,244,251,235,171,Fire,None,210,0.02,0.04,198,2.11,TRUE,3473,2
Suicune,245,225,180,235,Water,None,189,0.02,0.04,187,2.01,TRUE,2983,2
Larvitar,246,137,115,93,Rock,Ground,120,0.4,0.1,72,0.61,FALSE,1040,2
Pupitar,247,172,155,133,Rock,Ground,147,0.1,0.07,152,1.19,FALSE,1766,2
Tyranitar,248,225,251,207,Rock,Dark,189,0.05,0.04,202,2.01,FALSE,3834,2
Lugia,249,235,193,310,Psychic,Flying,197,0.02,0.04,216,5.21,TRUE,3703,2
Ho-Oh,250,214,239,244,Fire,Flying,180,0.02,0.04,199,3.81,FALSE,3863,2
Celebi,251,225,210,210,Psychic,Grass,189,1,0,5,0.61,FALSE,3265,2
Treecko,252,120,124,94,Grass,None,106,0.2,0.1,5,0.51,FALSE,1053,3
Grovyle,253,137,172,120,Grass,None,120,0.1,0.07,21.6,0.89,FALSE,1673,3
Sceptile,254,172,223,169,Grass,None,147,0.05,0.05,52.2,1.7,FALSE,2757,3
Torchic,255,128,130,87,Fire,None,113,0.2,0.1,2.5,0.41,FALSE,1093,3
Combusken,256,155,163,115,Fire,Fighting,134,0.1,0.07,19.5,0.89,FALSE,1652,3
Blaziken,257,190,240,141,Fire,Fighting,162,0.05,0.05,52,1.91,FALSE,2848,3
Mudkip,258,137,126,93,Water,None,120,0.2,0.1,7.6,0.41,FALSE,1128,3
Marshtomp,259,172,156,133,Water,Ground,147,0.1,0.07,28,0.71,FALSE,1776,3
Swampert,260,225,208,175,Water,Ground,189,0.05,0.05,81.9,1.5,FALSE,2974,3
Poochyena,261,111,96,61,Dark,None,99,0.5,0.2,13.6,0.51,FALSE,678,3
Mightyena,262,172,171,132,Dark,None,147,0.2,0.07,37,0.99,FALSE,1926,3
Zigzagoon,263,116,58,80,Normal,None,103,0.5,0.2,17.5,0.41,FALSE,508,3
Linoone,264,186,142,128,Normal,None,158,0.2,0.07,32.5,0.51,FALSE,1662,3
Wurmple,265,128,75,59,Bug,None,113,0.5,0.2,3.6,0.3,FALSE,578,3
Silcoon,266,137,60,77,Bug,None,120,0.25,0.09,10,0.61,FALSE,553,3
Beautifly,267,155,189,98,Bug,Flying,134,0.125,0.06,28.4,0.99,FALSE,1765,3
Cascoon,268,137,60,77,Bug,None,120,0.25,0.09,11.5,0.71,FALSE,553,3
Dustox,269,155,98,162,Bug,Poison,134,0.125,0.06,31.6,1.19,FALSE,1224,3
Lotad,270,120,71,77,Water,Grass,106,0.5,0.2,2.6,0.51,FALSE,598,3
Lombre,271,155,112,119,Water,Grass,134,0.25,0.09,32.5,1.19,FALSE,1197,3
Ludicolo,272,190,173,176,Water,Grass,162,0.125,0.06,55,1.5,FALSE,2323,3
Seedot,273,120,71,77,Grass,None,106,0.5,0.2,4,0.51,FALSE,598,3
Nuzleaf,274,172,134,78,Grass,Dark,147,0.25,0.09,28,0.99,FALSE,1227,3
Shiftry,275,207,200,121,Grass,Dark,175,0.125,0.06,59.6,1.3,FALSE,2333,3
Taillow,276,120,106,61,Normal,Flying,106,0.5,0.2,2.3,0.3,FALSE,765,3
Swellow,277,155,185,124,Normal,Flying,134,0.2,0.07,19.8,0.71,FALSE,1920,3
Wingull,278,120,106,61,Water,Flying,106,0.5,0.2,9.5,0.61,FALSE,765,3
Pelipper,279,155,175,174,Water,Flying,134,0.2,0.07,28,1.19,FALSE,2127,3
Ralts,280,99,79,59,Psychic,Fairy,90,0.4,0.09,6.6,0.41,FALSE,539,3
Kirlia,281,116,117,90,Psychic,Fairy,103,0.1,0.06,20.2,0.79,FALSE,966,3
Gardevoir,282,169,237,195,Psychic,Fairy,145,0.05,0.05,48.4,1.6,FALSE,3093,3
Surskit,283,120,93,87,Bug,Water,106,0.5,0.2,1.7,0.51,FALSE,791,3
Masquerain,284,172,192,150,Bug,Flying,147,0.2,0.07,3.6,0.79,FALSE,2270,3
Shroomish,285,155,74,110,Grass,None,134,0.5,0.2,4.5,0.41,FALSE,810,3
Breloom,286,155,241,144,Grass,Fighting,134,0.2,0.07,39.2,1.19,FALSE,2628,3
Slakoth,287,155,104,92,Normal,None,134,0.4,0.09,24,0.79,FALSE,1002,3
Vigoroth,288,190,159,145,Normal,None,162,0.1,0.06,46.5,1.4,FALSE,1968,3
Slaking,289,284,290,166,Normal,None,236,0.05,0.05,130.5,2.01,FALSE,4431,3
Nincada,290,104,80,126,Bug,Ground,94,0.2,0.1,5.5,0.51,FALSE,768,3
Ninjask,291,156,199,112,Bug,Flying,135,0.1,0.07,12,0.79,FALSE,1969,3
Shedinja,292,1,153,73,Bug,Ghost,12,0.05,0.05,1.2,0.79,FALSE,393,3
Whismur,293,162,92,42,Normal,None,139,0.5,0.2,16.3,0.61,FALSE,671,3
Loudred,294,197,134,81,Normal,None,167,0.25,0.09,40.5,0.99,FALSE,1327,3
Exploud,295,232,179,137,Normal,None,195,0.125,0.06,84,1.5,FALSE,2347,3
Makuhita,296,176,99,54,Fighting,None,150,0.5,0.1,86.4,0.99,FALSE,817,3
Hariyama,297,302,209,114,Fighting,None,250,0.2,0.06,253.8,2.31,FALSE,2829,3
Azurill,298,137,36,71,Normal,Fairy,120,0.1,0.04,2,0.2,FALSE,364,3
Nosepass,299,102,82,215,Rock,None,92,0.2,0.09,97,0.99,FALSE,993,3
Skitty,300,137,84,79,Normal,None,120,0.5,0.1,11,0.61,FALSE,739,3
Delcatty,301,172,132,127,Normal,None,147,0.2,0.06,32.6,1.09,FALSE,1496,3
Sableye,302,137,141,136,Dark,Ghost,120,0.2,0.07,11,0.51,FALSE,1476,3
Mawile,303,137,155,141,Steel,Fairy,120,0.5,0.09,11.5,0.61,FALSE,1634,3
Aron,304,137,121,141,Steel,Rock,120,0.5,0.2,60,0.41,FALSE,1307,3
Lairon,305,155,158,198,Steel,Rock,134,0.25,0.09,120,0.89,FALSE,2056,3
Aggron,306,172,198,257,Steel,Rock,147,0.125,0.06,360,2.11,FALSE,3000,3
Meditite,307,102,78,107,Fighting,Psychic,92,0.5,0.1,11.2,0.61,FALSE,693,3
Medicham,308,155,121,152,Fighting,Psychic,134,0.2,0.06,31.5,1.3,FALSE,1431,3
Electrike,309,120,123,78,Electric,None,106,0.5,0.1,15.2,0.61,FALSE,965,3
Manectric,310,172,215,127,Electric,None,147,0.2,0.06,40.2,1.5,FALSE,2340,3
Plusle,311,155,167,129,Electric,None,134,0.3,0.09,4.2,0.41,FALSE,1778,3
Minun,312,155,147,150,Electric,None,134,0.3,0.09,4.2,0.41,FALSE,1694,3
Volbeat,313,163,143,166,Bug,None,140,0.3,0.09,17.7,0.71,FALSE,1771,3
Illumise,314,163,143,166,Bug,None,140,0.3,0.09,17.7,0.61,FALSE,1771,3
Roselia,315,137,186,131,Grass,Poison,120,0.3,0.09,2,0.3,FALSE,1870,3
Gulpin,316,172,80,99,Poison,None,147,0.5,0.1,10.3,0.41,FALSE,866,3
Swalot,317,225,140,159,Poison,None,189,0.2,0.06,80,1.7,FALSE,1978,3
Carvanha,318,128,171,39,Water,Dark,113,0.5,0.1,20.8,0.79,FALSE,1020,3
Sharpedo,319,172,243,83,Water,Dark,147,0.2,0.06,88.8,1.8,FALSE,2181,3
Wailmer,320,277,136,68,Water,None,230,0.5,0.1,130,2.01,FALSE,1468,3
Wailord,321,347,175,87,Water,None,286,0.2,0.06,398,14.5,FALSE,2280,3
Numel,322,155,119,79,Fire,Ground,134,0.5,0.1,24,0.71,FALSE,1057,3
Camerupt,323,172,194,136,Fire,Ground,147,0.2,0.06,220,1.91,FALSE,2193,3
Torkoal,324,172,151,203,Fire,None,147,0.3,0.09,80.4,0.51,FALSE,2093,3
Spoink,325,155,125,122,Psychic,None,134,0.5,0.1,30.6,0.71,FALSE,1334,3
Grumpig,326,190,171,188,Psychic,None,162,0.2,0.06,71.5,0.89,FALSE,2369,3
Spinda,327,155,116,116,Normal,None,134,0.3,0.09,5,1.09,FALSE,1220,3
Trapinch,328,128,162,78,Ground,None,113,0.4,0.09,15,0.71,FALSE,1274,3
Vibrava,329,137,134,99,Ground,Dragon,120,0.1,0.06,15.3,1.09,FALSE,1225,3
Flygon,330,190,205,168,Ground,Dragon,162,0.05,0.05,82,2.01,FALSE,2661,3
Cacnea,331,137,156,74,Grass,None,120,0.5,0.1,51.3,0.41,FALSE,1242,3
Cacturne,332,172,221,115,Grass,Dark,147,0.2,0.06,77.4,1.3,FALSE,2298,3
Swablu,333,128,76,132,Normal,Flying,113,0.5,0.1,1.2,0.41,FALSE,824,3
Altaria,334,181,141,201,Dragon,Flying,154,0.2,0.06,20.6,1.09,FALSE,2004,3
Zangoose,335,177,222,124,Normal,None,151,0.3,0.09,40.3,1.3,FALSE,2418,3
Seviper,336,177,196,118,Poison,None,151,0.3,0.09,52.5,2.69,FALSE,2105,3
Lunatone,337,207,178,153,Rock,Psychic,175,0.3,0.09,168,0.99,FALSE,2327,3
Solrock,338,207,178,153,Rock,Psychic,175,0.3,0.09,154,1.19,FALSE,2327,3
Barboach,339,137,93,82,Water,Ground,120,0.5,0.1,1.9,0.41,FALSE,819,3
Whiscash,340,242,151,141,Water,Ground,203,0.2,0.06,23.6,0.89,FALSE,2075,3
Corphish,341,125,141,99,Water,None,110,0.5,0.1,11.5,0.61,FALSE,1230,3
Crawdaunt,342,160,224,142,Water,Dark,138,0.2,0.06,32.8,1.09,FALSE,2474,3
Baltoy,343,120,77,124,Ground,Psychic,106,0.5,0.1,21.5,0.51,FALSE,787,3
Claydol,344,155,140,229,Ground,Psychic,134,0.2,0.06,108,1.5,FALSE,1971,3
Lileep,345,165,105,150,Rock,Grass,142,0.5,0.1,23.8,0.99,FALSE,1291,3
Cradily,346,200,152,194,Rock,Grass,169,0.2,0.06,60.4,1.5,FALSE,2211,3
Anorith,347,128,176,100,Rock,Bug,113,0.5,0.1,12.5,0.71,FALSE,1529,3
Armaldo,348,181,222,174,Rock,Bug,154,0.2,0.06,68.2,1.5,FALSE,2848,3
Feebas,349,85,29,85,Water,None,79,0.7,0.15,7.4,0.61,FALSE,274,3
Milotic,350,216,192,219,Water,None,182,0.1,0.07,162,6.2,FALSE,3005,3
Castform,351,172,139,139,Normal,None,147,0.3,0.1,0.8,0.3,FALSE,1632,3
Kecleon,352,155,161,189,Normal,None,134,0.3,0.1,22,0.99,FALSE,2047,3
Shuppet,353,127,138,65,Ghost,None,112,0.4,0.1,2.3,0.61,FALSE,1018,3
Banette,354,162,218,126,Ghost,None,139,0.2,0.07,12.5,1.09,FALSE,2298,3
Duskull,355,85,70,162,Ghost,None,79,0.4,0.1,15,0.79,FALSE,706,3
Dusclops,356,120,124,234,Ghost,None,106,0.2,0.07,30.6,1.6,FALSE,1591,3
Tropius,357,223,136,163,Grass,Flying,188,0.3,0.1,100,2.01,FALSE,1941,3
Chimecho,358,181,175,170,Psychic,None,154,0.3,0.1,1,0.61,FALSE,2259,3
Absol,359,163,246,120,Dark,None,140,0.5,0.1,47,1.19,FALSE,2526,3
Wynaut,360,216,41,86,Psychic,None,182,0.3,0.1,14,0.61,FALSE,534,3
Snorunt,361,137,95,95,Ice,None,120,0.5,0.1,16.8,0.71,FALSE,888,3
Glalie,362,190,162,162,Ice,None,162,0.2,0.06,256.5,1.5,FALSE,2105,3
Spheal,363,172,95,90,Ice,Water,147,0.5,0.1,39.5,0.79,FALSE,962,3
Sealeo,364,207,137,132,Ice,Water,175,0.25,0.07,87.6,1.09,FALSE,1714,3
Walrein,365,242,182,176,Ice,Water,203,0.125,0.05,150.6,1.4,FALSE,2726,3
Clamperl,366,111,133,135,Water,None,99,0.5,0.1,52.5,0.41,FALSE,1270,3
Huntail,367,146,197,179,Water,None,127,0.2,0.06,27,1.7,FALSE,2340,3
Gorebyss,368,146,211,179,Water,None,127,0.2,0.06,22.6,1.8,FALSE,2494,3
Relicanth,369,225,162,203,Water,Rock,189,0.9,0.01,23.4,0.99,FALSE,2528,4
Luvdisc,370,125,81,128,Water,None,110,0.3,0.1,8.7,0.61,FALSE,848,4
Bagon,371,128,134,93,Dragon,None,113,0.4,0.09,42.1,0.61,FALSE,1156,4
Shelgon,372,163,172,155,Dragon,None,140,0.1,0.06,110.5,1.09,FALSE,2031,4
Salamence,373,216,277,168,Dragon,Flying,182,0.05,0.05,102.6,1.5,FALSE,3749,4
Beldum,374,120,96,132,Steel,Psychic,106,0.4,0.09,95.2,0.61,FALSE,976,4
Metang,375,155,138,176,Steel,Psychic,134,0.1,0.06,202.5,1.19,FALSE,1721,4
Metagross,376,190,257,228,Steel,Psychic,162,0.05,0.05,550,1.6,FALSE,3791,4
Regirock,377,190,179,309,Rock,None,162,0.02,0.01,230,1.7,TRUE,3122,4
Regice,378,190,179,309,Ice,None,162,0.02,0.01,175,1.8,TRUE,3122,4
Registeel,379,190,143,285,Steel,None,162,0.02,0.01,205,1.91,TRUE,2447,4
Latias,380,190,228,246,Dragon,Psychic,162,0.02,0.01,40,1.4,TRUE,3510,4
Latios,381,190,268,212,Dragon,Psychic,162,0.02,0.01,60,2.01,TRUE,3812,4
Kyogre,382,205,270,228,Water,None,173,0.02,0.01,352,4.5,TRUE,4115,4
Groudon,383,205,270,228,Ground,None,173,0.02,0.01,950,3.51,TRUE,4115,4
Rayquaza,384,213,284,170,Dragon,Flying,180,0.02,0.01,206.5,7.01,TRUE,3835,4
Jirachi,385,225,210,210,Steel,Psychic,189,1,0,1.1,0.3,TRUE,3265,4
Deoxys,386,137,345,115,Psychic,None,120,0.06,0.01,60.8,1.7,FALSE,3160,4
Turtwig,387,146,119,110,Grass,None,127,0.2,0.1,10.2,0.4,FALSE,1187,4
Grotle,388,181,157,143,Grass,None,154,0.1,0.07,97,1.1,FALSE,1890,4
Torterra,389,216,202,188,Grass,Ground,182,0.05,0.05,310,2.2,FALSE,2934,4
Chimchar,390,127,113,86,Fire,None,112,0.2,0.1,6.2,0.5,FALSE,957,4
Monferno,391,162,158,105,Fire,Fighting,139,0.1,0.07,22,0.9,FALSE,1574,4
Infernape,392,183,222,151,Fire,Fighting,156,0.05,0.05,55,1.2,FALSE,2683,4
Piplup,393,142,112,102,Water,None,124,0.2,0.1,5.2,0.4,FALSE,1075,4
Prinplup,394,162,150,139,Water,None,139,0.1,0.07,23,0.8,FALSE,1701,4
Empoleon,395,197,210,186,Water,Steel,167,0.05,0.05,84.5,1.7,FALSE,2900,4
Starly,396,120,101,58,Normal,Flying,106,0.5,0.2,2,0.3,FALSE,719,4
Staravia,397,146,142,94,Normal,Flying,127,0.25,0.09,15.5,0.6,FALSE,1299,4
Staraptor,398,198,234,140,Normal,Flying,168,0.125,0.06,24.9,1.2,FALSE,2825,4
Bidoof,399,153,80,73,Normal,None,132,0.5,0.2,20,0.5,FALSE,721,4
Bibarel,400,188,162,119,Normal,Water,160,0.2,0.07,31.5,1,FALSE,1823,4
Kricketot,401,114,45,74,Bug,None,101,0.5,0.2,2.2,0.3,FALSE,401,4
Kricketune,402,184,160,100,Bug,None,157,0.2,0.07,25.5,1,FALSE,1653,4
Shinx,403,128,117,64,Electric,None,113,0.5,0.1,9.5,0.5,FALSE,876,4
Luxio,404,155,159,95,Electric,None,134,0.25,0.07,30.5,0.9,FALSE,1486,4
Luxray,405,190,232,156,Electric,None,162,0.125,0.05,42,1.4,FALSE,2888,4
Budew,406,120,91,109,Grass,Poison,106,0.1,0.04,1.2,0.2,FALSE,856,4
Roserade,407,155,243,185,Grass,Poison,134,0.15,0.07,14.5,0.9,FALSE,2971,4
Cranidos,408,167,218,71,Rock,None,143,0.5,0.1,31.5,0.9,FALSE,1820,4
Rampardos,409,219,295,109,Rock,None,184,0.2,0.06,102.5,1.6,FALSE,3298,4
Shieldon,410,102,76,195,Rock,Steel,92,0.5,0.1,57,0.5,FALSE,890,4
Bastiodon,411,155,94,286,Rock,Steel,134,0.2,0.06,149.5,1.3,FALSE,1539,4
Burmy,412,120,53,83,Bug,None,106,0.5,0.2,3.4,0.2,FALSE,488,4
Wormadam,413,155,141,180,Bug,Grass,134,0.15,0.07,6.5,0.5,FALSE,1773,4
Mothim,414,172,185,98,Bug,Flying,147,0.15,0.07,23.3,0.9,FALSE,1815,4
Combee,415,102,59,83,Bug,Flying,92,0.15,0.07,5.5,0.3,FALSE,494,4
Vespiquen,416,172,149,190,Bug,Flying,147,0.15,0.07,38.5,1.2,FALSE,2005,4
Pachirisu,417,155,94,172,Electric,None,134,0.3,0.09,3.9,0.4,FALSE,1213,4
Buizel,418,146,132,67,Water,None,127,0.5,0.1,29.5,0.7,FALSE,1054,4
Floatzel,419,198,221,114,Water,None,168,0.2,0.06,33.5,1.1,FALSE,2443,4
Cherubi,420,128,108,92,Grass,None,113,0.5,0.09,3.3,0.4,FALSE,950,4
Cherrim,421,172,170,153,Grass,None,147,0.1,0.07,9.3,0.5,FALSE,2048,4
Shellos,422,183,103,105,Water,None,156,0.5,0.1,6.3,0.3,FALSE,1136,4
Gastrodon,423,244,169,143,Water,Ground,204,0.2,0.06,29.9,0.9,FALSE,2324,4
Ambipom,424,181,205,143,Normal,None,154,0.2,0.06,20.3,1.2,FALSE,2418,4
Drifloon,425,207,117,80,Ghost,Flying,175,0.4,0.1,1.2,0.4,FALSE,1197,4
Drifblim,426,312,180,102,Ghost,Flying,258,0.2,0.07,15,1.2,FALSE,2382,4
Buneary,427,146,130,105,Normal,None,127,0.5,0.1,5.5,0.4,FALSE,1258,4
Lopunny,428,163,156,194,Normal,None,140,0.2,0.06,33.3,1.2,FALSE,2059,4
Mismagius,429,155,211,187,Ghost,None,134,0.1,0.07,4.4,0.9,FALSE,2615,4
Honchkrow,430,225,243,103,Dark,Flying,189,0.1,0.07,27.3,0.9,FALSE,2711,4
Glameow,431,135,109,82,Normal,None,118,0.4,0.1,3.9,0.5,FALSE,934,4
Purugly,432,174,172,133,Normal,None,149,0.15,0.08,43.8,1,FALSE,1953,4
Chingling,433,128,114,94,Psychic,None,113,0.1,0.04,0.6,0.2,FALSE,1005,4
Stunky,434,160,121,90,Poison,Dark,138,0.5,0.1,19.2,0.4,FALSE,1151,4
Skuntank,435,230,184,132,Poison,Dark,193,0.2,0.06,38,1,FALSE,2358,4
Bronzor,436,149,43,154,Steel,Psychic,129,0.5,0.1,60.5,0.5,FALSE,603,4
Bronzong,437,167,161,213,Steel,Psychic,143,0.2,0.06,187,1.3,FALSE,2239,4
Bonsly,438,137,124,133,Rock,None,120,0.1,0.04,15,0.5,FALSE,1302,4
Mime,439,85,125,142,Psychic,Fairy,79,0.1,0.04,13,0.6,FALSE,1095,4
Happiny,440,225,25,77,Normal,None,189,0.1,0.04,24.4,0.6,FALSE,371,4
Chatot,441,183,183,91,Normal,Flying,156,0.3,0.09,1.9,0.5,FALSE,1791,4
Spiritomb,442,137,169,199,Ghost,Dark,120,0.1,0.04,108,1,FALSE,2072,4
Gible,443,151,124,84,Dragon,Ground,131,0.4,0.09,20.5,0.7,FALSE,1112,4
Gabite,444,169,172,125,Dragon,Ground,145,0.1,0.06,56,1.4,FALSE,1874,4
Garchomp,445,239,261,193,Dragon,Ground,200,0.05,0.05,95,1.9,FALSE,3962,4
Munchlax,446,286,137,117,Normal,None,237,0.1,0.04,105,0.6,FALSE,1892,4
Riolu,447,120,127,78,Fighting,None,106,0,0.2,20.2,0.7,FALSE,993,4
Lucario,448,172,236,144,Fighting,Steel,147,0.1,0.05,54,1.2,FALSE,2703,4
Hippopotas,449,169,124,118,Ground,None,145,0.4,0.1,49.5,0.8,FALSE,1358,4
Hippowdon,450,239,201,191,Ground,None,200,0.15,0.08,300,2,FALSE,3085,4
Skorupi,451,120,93,151,Poison,Bug,106,0.4,0.1,12,0.8,FALSE,1009,4
Drapion,452,172,180,202,Poison,Dark,147,0.15,0.08,61.5,1.3,FALSE,2453,4
Croagunk,453,134,116,76,Poison,Fighting,117,0.4,0.12,23,0.7,FALSE,952,4
Toxicroak,454,195,211,133,Poison,Fighting,165,0.15,0.07,44.4,1.3,FALSE,2488,4
Carnivine,455,179,187,136,Grass,None,153,0.9,0.01,27,1.4,FALSE,2159,4
Finneon,456,135,96,116,Water,None,118,0.5,0.1,7,0.4,FALSE,971,4
Lumineon,457,170,142,170,Water,None,146,0.2,0.06,24,1.2,FALSE,1814,4
Mantyke,458,128,105,179,Water,Flying,113,0.1,0.04,65,1,FALSE,1248,4
Snover,459,155,115,105,Grass,Ice,134,0.3,0.1,50.5,1,FALSE,1159,4
Abomasnow,460,207,178,158,Grass,Ice,175,0.125,0.06,135.5,2.2,FALSE,2362,4
Weavile,461,172,243,171,Dark,Ice,147,0.15,0.09,34,1.1,FALSE,3005,4
Magnezone,462,172,238,205,Electric,Steel,147,0.125,0.05,180,1.2,FALSE,3205,4
Lickilicky,463,242,161,181,Normal,None,203,0.15,0.09,140,1.7,FALSE,2467,4
Rhyperior,464,251,241,190,Ground,Rock,210,0.05,0.05,282.8,2.4,FALSE,3733,4
Tangrowth,465,225,207,184,Grass,None,189,0.15,0.1,128.6,2,FALSE,3030,4
Electivire,466,181,249,163,Electric,None,154,0.15,0.1,138.6,1.8,FALSE,3079,4
Magmortar,467,181,247,172,Fire,None,154,0.15,0.1,68,1.6,FALSE,3132,4
Togekiss,468,198,225,217,Fairy,Flying,168,0.01,0.05,38,1.5,FALSE,3332,4
Yanmega,469,200,231,156,Bug,Flying,169,0.175,0.05,51.5,1.9,FALSE,2946,4
Leafeon,470,163,216,219,Grass,None,140,0.125,0.06,25.5,1,FALSE,2944,4
Glaceon,471,163,238,205,Ice,None,140,0.125,0.06,25.9,0.8,FALSE,3126,4
Gliscor,472,181,185,222,Ground,Flying,154,0.125,0.09,42.5,2,FALSE,2692,4
Mamoswine,473,242,247,146,Ice,Ground,203,0.05,0.05,291,2.5,FALSE,3328,4
Porygon-Z,474,198,264,150,Normal,None,168,0.05,0.05,34,0.9,FALSE,3266,4
Gallade,475,169,237,195,Psychic,Fighting,145,0.5,0.05,52,1.6,FALSE,3093,4
Probopass,476,155,135,275,Rock,Steel,134,0.1,0.07,340,1.4,FALSE,2080,4
Dusknoir,477,128,180,254,Ghost,None,113,0.1,0.05,106.6,2.2,FALSE,2388,4
Froslass,478,172,171,150,Ice,Ghost,147,0.2,0.07,26.6,1.3,FALSE,2040,4
Rotom,479,137,185,159,Electric,Ghost,120,0.3,0.1,0.3,0.3,FALSE,2031,4
Uxie,480,181,156,270,Psychic,None,154,0.02,0,0.3,0.3,TRUE,2524,4
Mesprit,481,190,212,212,Psychic,None,162,0.02,0,0.3,0.3,TRUE,3058,4
Azelf,482,181,270,151,Psychic,None,154,0.02,0,0.3,0.3,TRUE,3210,4
Dialga,483,205,275,211,Steel,Dragon,173,0.02,0.04,683,5.4,TRUE,4038,4
Palkia,484,189,280,215,Water,Dragon,161,0.02,0.04,336,4.2,TRUE,3991,4
Heatran,485,209,251,213,Fire,Steel,177,0.02,0.04,430,1.7,TRUE,3754,4
Regigigas,486,221,287,210,Normal,None,186,0.02,0.04,420,3.7,TRUE,4346,4
Giratina,487,284,187,225,Ghost,Dragon,236,0.02,0.04,750,4.5,TRUE,3379,4
Cresselia,488,260,152,258,Psychic,None,217,0.02,0.04,85.6,1.5,FALSE,2857,4
Phione,489,190,162,162,Water,None,162,0.02,0,3.1,0.4,FALSE,2105,4
Manaphy,490,225,210,210,Water,None,189,0.02,0,1.4,0.3,FALSE,3265,4
Darkrai,491,172,285,198,Dark,None,147,0.02,0,50.5,1.5,TRUE,3739,4
Shaymin,492,225,210,210,Grass,None,189,0.02,0,2.1,0.2,TRUE,3265,4
Arceus,493,237,238,238,Normal,None,199,0.02,0,320,3.2,TRUE,3989,4
Victini,494,225,210,210,Psychic,Fire,189,1,0.1,4,0.4,TRUE,3265,4
Snivy,495,128,88,107,Grass,None,113,0.2,0.1,8.1,0.6,FALSE,849,5
Servine,496,155,122,152,Grass,None,134,0.1,0.1,16,0.8,FALSE,1441,5
Serperior,497,181,161,204,Grass,None,154,0.05,0.05,63,3.3,FALSE,2277,5
Tepig,498,163,115,85,Fire,None,140,0.2,0.1,9.9,0.5,FALSE,1083,5
Pignite,499,207,173,106,Fire,Fighting,175,0.1,0.07,55.5,1,FALSE,1924,5
Emboar,500,242,235,127,Fire,Fighting,203,0.05,0.05,150,1.6,FALSE,2982,5
Oshawott,501,146,117,85,Water,None,127,0.2,0.1,5.9,0.5,FALSE,1046,5
Dewott,502,181,159,116,Water,None,154,0.1,0.07,24.5,0.8,FALSE,1741,5
Samurott,503,216,212,157,Water,None,182,0.05,0.05,94.6,1.5,FALSE,2826,5
Patrat,504,128,98,73,Normal,None,113,0.5,0.2,11.6,0.5,FALSE,791,5
Watchog,505,155,165,139,Normal,None,134,0.2,0.07,27,1.1,FALSE,1819,5
Lillipup,506,128,107,86,Normal,None,113,0.5,0.2,4.1,0.4,FALSE,915,5
Herdier,507,163,145,126,Normal,None,140,0.25,0.09,14.7,0.9,FALSE,1583,5
Stoutland,508,198,206,182,Normal,None,168,0.125,0.05,61,1.2,FALSE,2827,5
Purrloin,509,121,98,73,Dark,None,107,0.5,0.2,10.1,0.4,FALSE,772,5
Liepard,510,162,187,106,Dark,None,139,0.2,0.07,37.5,1.1,FALSE,1846,5
Pansage,511,137,104,94,Grass,None,120,0.5,0.2,10.5,0.6,FALSE,956,5
Simisage,512,181,206,133,Grass,None,154,0.5,0.2,30.5,1.1,FALSE,2350,5
Pansear,513,137,104,94,Fire,None,120,0.2,0.07,11,0.6,FALSE,956,5
Simisear,514,181,206,133,Fire,None,154,0.5,0.2,28,1,FALSE,2350,5
Panpour,515,137,104,94,Water,None,120,0.5,0.2,13.5,0.6,FALSE,956,5
Simipour,516,181,206,133,Water,None,154,0.2,0.07,29,1,FALSE,2350,5
Munna,517,183,111,92,Psychic,None,156,0.5,0.2,23.3,0.6,FALSE,1145,5
Musharna,518,253,183,166,Psychic,None,211,0.2,0.07,60.5,1.1,FALSE,2723,5
Pidove,519,137,98,80,Normal,Flying,120,0.5,0.2,2.1,0.3,FALSE,848,5
Tranquill,520,158,144,107,Normal,Flying,136,0.25,0.09,15,0.6,FALSE,1442,5
Unfezant,521,190,226,146,Normal,Flying,162,0.125,0.05,29,1.2,FALSE,2734,5
Blitzle,522,128,118,64,Electric,None,113,0.3,0.1,29.8,0.8,FALSE,882,5
Zebstrika,523,181,211,136,Electric,None,154,0.1,0.07,79.5,1.6,FALSE,2428,5
Roggenrola,524,146,121,110,Rock,None,127,0.5,0.15,18,0.4,FALSE,1205,5
Boldore,525,172,174,143,Rock,None,147,0.25,0.07,102,0.9,FALSE,2029,5
Gigalith,526,198,226,201,Rock,None,168,0.125,0.05,260,1.7,FALSE,3228,5
Woobat,527,163,107,85,Psychic,Flying,140,0.5,0.2,2.1,0.4,FALSE,1016,5
Swoobat,528,167,161,119,Psychic,Flying,143,0.2,0.07,10.5,0.9,FALSE,1716,5
Drilbur,529,155,154,85,Ground,None,134,0.5,0.2,8.5,0.3,FALSE,1376,5
Excadrill,530,242,255,129,Ground,Steel,203,0.2,0.07,40.4,0.7,FALSE,3244,5
Audino,531,230,114,163,Normal,None,193,0.05,0.05,31,1.1,FALSE,1682,5
Timburr,532,181,134,87,Fighting,None,154,0.5,0.15,12.5,0.6,FALSE,1315,5
Gurdurr,533,198,180,134,Fighting,None,168,0.25,0.07,40,1.2,FALSE,2169,5
Conkeldurr,534,233,243,158,Fighting,None,195,0.125,0.05,87,1.4,FALSE,3337,5
Tympole,535,137,98,78,Water,None,120,0.5,0.15,4.5,0.5,FALSE,839,5
Palpitoad,536,181,128,109,Water,Ground,154,0.25,0.07,17,0.8,FALSE,1392,5
Seismitoad,537,233,188,150,Water,Ground,195,0.125,0.05,62,1.5,FALSE,2564,5
Throh,538,260,172,160,Fighting,None,217,0.2,0.07,55.5,1.3,FALSE,2562,5
Sawk,539,181,231,153,Fighting,None,154,0.2,0.07,51,1.4,FALSE,2788,5
Sewaddle,540,128,96,124,Bug,Grass,113,0.5,0.15,2.5,0.3,FALSE,977,5
Swadloon,541,146,115,162,Bug,Grass,127,0.25,0.07,7.3,0.5,FALSE,1370,5
Leavanny,542,181,205,165,Bug,Grass,154,0.125,0.05,20.5,1.2,FALSE,2580,5
Venipede,543,102,83,99,Bug,Poison,92,0.3,0.1,5.3,0.4,FALSE,706,5
Whirlipede,544,120,100,173,Bug,Poison,106,0.15,0.05,58.5,1.2,FALSE,1144,5
Scolipede,545,155,203,175,Bug,Poison,134,0.2,0.07,200.5,2.5,FALSE,2447,5
Cottonee,546,120,71,111,Grass,Fairy,106,0.3,0.1,0.6,0.3,FALSE,700,5
Whimsicott,547,155,164,176,Grass,Fairy,134,0.15,0.05,6.6,0.7,FALSE,2014,5
Petilil,548,128,119,91,Grass,None,113,0.3,0.1,6.6,0.5,FALSE,1030,5
Lilligant,549,172,214,155,Grass,None,147,0.15,0.05,16.3,1.1,FALSE,2550,5
Basculin,550,172,189,129,Water,None,147,0.2,0.07,18,1,FALSE,2090,5
Sandile,551,137,132,69,Ground,Dark,120,0.5,0.15,15.2,0.7,FALSE,1037,5
Krokorok,552,155,155,90,Ground,Dark,134,0.25,0.07,33.4,1,FALSE,1418,5
Krookodile,553,216,229,158,Ground,Dark,182,0.125,0.05,96.3,1.5,FALSE,3046,5
Darumaka,554,172,153,86,Fire,None,147,0.3,0.09,37.5,0.6,FALSE,1442,5
Darmanitan,555,233,263,114,Fire,None,195,0.1,0.07,92.9,1.3,FALSE,3105,5
Maractus,556,181,201,130,Grass,None,154,0.2,0.07,28,1,FALSE,2274,5
Dwebble,557,137,118,128,Bug,Rock,120,0.3,0.1,14.5,0.3,FALSE,1224,5
Crustle,558,172,188,200,Bug,Rock,147,0.1,0.07,200,1.4,FALSE,2542,5
Scraggy,559,137,132,132,Dark,Fighting,120,0.3,0.09,11.8,0.6,FALSE,1372,5
Scrafty,560,163,163,222,Dark,Fighting,140,0.1,0.07,30,1.1,FALSE,2283,5
Sigilyph,561,176,204,167,Psychic,Flying,150,0.2,0.07,14,1.4,FALSE,2550,5
Yamask,562,116,95,141,Ghost,None,103,0.3,0.1,1.5,0.5,FALSE,982,5
Cofagrigus,563,151,163,237,Ghost,None,131,0.1,0.07,76.5,1.7,FALSE,2273,5
Tirtouga,564,144,134,146,Water,Rock,125,0.3,0.1,16.5,0.7,FALSE,1488,5
Carracosta,565,179,192,197,Water,Rock,153,0.1,0.07,81,1.2,FALSE,2621,5
Archen,566,146,213,89,Rock,Flying,127,0.3,0.09,9.5,0.5,FALSE,1842,5
Archeops,567,181,292,139,Rock,Flying,154,0.1,0.07,32,1.4,FALSE,3331,5
Trubbish,568,137,96,122,Poison,None,120,0.3,0.09,31,0.6,FALSE,1000,5
Garbodor,569,190,181,164,Poison,None,162,0.1,0.07,107.3,1.9,FALSE,2345,5
Zorua,570,120,153,78,Dark,None,106,0.3,0.09,12.5,0.7,FALSE,1175,5
Zoroark,571,155,250,127,Dark,None,134,0.1,0.07,81.1,1.6,FALSE,2571,5
Minccino,572,146,98,80,Normal,None,127,0.3,0.1,5.8,0.4,FALSE,872,5
Cinccino,573,181,198,130,Normal,None,154,0.1,0.07,7.5,0.5,FALSE,2242,5
Gothita,574,128,98,112,Psychic,None,113,0.5,0.15,5.8,0.4,FALSE,951,5
Gothorita,575,155,137,153,Psychic,None,134,0.25,0.07,18,0.7,FALSE,1604,5
Gothitelle,576,172,176,205,Psychic,None,147,0.125,0.05,44,1.5,FALSE,2419,5
Solosis,577,128,170,83,Psychic,None,113,0.5,0.15,1,0.3,FALSE,1367,5
Duosion,578,163,208,103,Psychic,None,140,0.25,0.07,8,0.6,FALSE,2018,5
Reuniclus,579,242,214,148,Psychic,None,203,0.125,0.05,20.1,1,FALSE,2927,5
Ducklett,580,158,84,96,Water,Flying,136,0.5,0.15,5.5,0.5,FALSE,856,5
Swanna,581,181,182,132,Water,Flying,154,0.4,0.12,24.2,1.3,FALSE,2088,5
Vanillite,582,113,118,106,Ice,None,101,0.1,0.07,5.7,0.4,FALSE,1033,5
Vanillish,583,139,151,138,Ice,None,121,0.05,0.05,41,1.1,FALSE,1591,5
Vanilluxe,584,174,218,184,Ice,None,149,0.125,0.05,57.5,1.3,FALSE,2822,5
Deerling,585,155,115,100,Normal,Grass,134,0.3,0.1,19.5,0.6,FALSE,1135,5
Sawsbuck,586,190,198,146,Normal,Grass,162,0.15,0.05,92.5,1.9,FALSE,2416,5
Emolga,587,146,158,127,Electric,Flying,127,0.2,0.07,5,0.4,FALSE,1633,5
Karrablast,588,137,137,87,Bug,None,120,0.3,0.1,5.9,0.5,FALSE,1182,5
Escavalier,589,172,223,187,Bug,Steel,147,0.125,0.05,33,1,FALSE,2889,5
Foongus,590,170,97,91,Grass,Poison,146,0.3,0.1,1,0.2,FALSE,979,5
Amoonguss,591,249,155,139,Grass,Poison,208,0.125,0.05,10.5,0.6,FALSE,2140,5
Frillish,592,146,115,134,Water,Ghost,127,0.3,0.09,33,1.2,FALSE,1257,5
Jellicent,593,225,159,178,Water,Ghost,189,0.125,0.05,135,2.2,FALSE,2338,5
Alomomola,594,338,138,131,Water,None,278,0.2,0.07,31.6,1.2,FALSE,2169,5
Joltik,595,137,110,98,Bug,Electric,120,0.3,0.1,0.6,0.1,FALSE,1023,5
Galvantula,596,172,201,128,Bug,Electric,147,0.125,0.05,14.3,0.8,FALSE,2206,5
Ferroseed,597,127,82,155,Grass,Steel,112,0.3,0.09,18.8,0.6,FALSE,941,5
Ferrothorn,598,179,158,223,Grass,Steel,153,0.125,0.05,110,1,FALSE,2321,5
Klink,599,120,98,121,Steel,None,106,0.4,0.1,21,0.3,FALSE,956,5
Klang,600,155,150,174,Steel,None,134,0.1,0.07,51,0.6,FALSE,1847,5
Klinklang,601,155,199,214,Steel,None,134,0.05,0.05,81,0.6,FALSE,2637,5
Tynamo,602,111,105,78,Electric,None,99,0.4,0.15,0.3,0.2,FALSE,811,5
Eelektrik,603,163,156,130,Electric,None,140,0.1,0.07,22,1.2,FALSE,1715,5
Eelektross,604,198,217,152,Electric,None,168,0.05,0.05,80.5,2.1,FALSE,2732,5
Elgyem,605,146,148,100,Psychic,None,127,0.3,0.1,9,0.5,FALSE,1385,5
Beheeyem,606,181,221,163,Psychic,None,154,0.15,0.05,34.5,1,FALSE,2753,5
Litwick,607,137,108,98,Ghost,Fire,120,0.4,0.09,3.1,0.3,FALSE,1006,5
Lampent,608,155,169,115,Ghost,Fire,134,0.1,0.07,13,0.6,FALSE,1708,5
Chandelure,609,155,271,182,Ghost,Fire,134,0.05,0.05,34.3,1,FALSE,3268,5
Axew,610,130,154,101,Dragon,None,114,0.4,0.09,18,0.6,FALSE,1368,5
Fraxure,611,165,212,123,Dragon,None,142,0.1,0.07,36,1,FALSE,2234,5
Haxorus,612,183,284,172,Dragon,None,156,0.05,0.05,105.5,1.8,FALSE,3593,5
Cubchoo,613,146,128,74,Ice,None,127,0.3,0.1,8.5,0.5,FALSE,1069,5
Beartic,614,216,233,152,Ice,None,182,0.15,0.05,260,2.6,FALSE,3042,5
Cryogonal,615,190,190,218,Ice,None,162,0.2,0.07,148,1.1,FALSE,2798,5
Shelmet,616,137,72,140,Bug,None,120,0.3,0.1,7.7,0.4,FALSE,834,5
Accelgor,617,190,220,120,Bug,None,162,0.15,0.05,25.3,0.8,FALSE,2441,5
Stunfisk,618,240,144,171,Ground,Electric,201,0.2,0.07,11,0.7,FALSE,2162,5
Mienfoo,619,128,160,98,Fighting,None,113,0.3,0.1,20,0.9,FALSE,1389,5
Mienshao,620,163,258,127,Fighting,None,140,0.15,0.05,35.5,1.4,FALSE,2710,5
Druddigon,621,184,213,170,Dragon,None,157,0.2,0.07,139,1.6,FALSE,2732,5
Golett,622,153,127,92,Ground,Ghost,132,0.3,0.1,92,1,FALSE,1189,5
Golurk,623,205,222,154,Ground,Ghost,173,0.15,0.05,330,2.8,FALSE,2854,5
Pawniard,624,128,154,114,Dark,Steel,113,0.3,0.09,10.2,0.5,FALSE,1433,5
Bisharp,625,163,232,176,Dark,Steel,140,0.15,0.05,70,1.6,FALSE,2844,5
Bouffalant,626,216,195,182,Normal,None,182,0.2,0.07,94.6,1.6,FALSE,2797,5
Rufflet,627,172,150,97,Normal,Flying,147,0.3,0.1,10.5,0.5,FALSE,1491,5
Braviary,628,225,232,152,Normal,Flying,189,0.15,0.05,41,1.5,FALSE,3088,5
Vullaby,629,172,105,139,Dark,Flying,147,0.3,0.1,9,0.5,FALSE,1271,5
Mandibuzz,630,242,129,205,Dark,Flying,203,0.15,0.05,39.5,1.2,FALSE,2138,5
Heatmor,631,198,204,129,Fire,None,168,0.2,0.07,58,1.4,FALSE,2395,5
Durant,632,151,217,188,Bug,Steel,131,0.2,0.07,33,0.3,FALSE,2659,5
Deino,633,141,116,93,Dark,Dragon,123,0.4,0.09,17.3,0.8,FALSE,1062,5
Zweilous,634,176,159,135,Dark,Dragon,150,0.1,0.07,50,1.4,FALSE,1839,5
Hydreigon,635,211,256,188,Dark,Dragon,178,0.05,0.05,160,1.8,FALSE,3625,5
Larvesta,636,146,156,107,Bug,Fire,127,0.7,0.15,28.8,1.1,FALSE,1496,5
Volcarona,637,198,264,189,Bug,Fire,168,0.1,0.07,46,1.6,FALSE,3632,5
Cobalion,638,209,192,229,Steel,Fighting,177,0.02,0.01,250,2.1,TRUE,3022,5
Terrakion,639,209,260,192,Rock,Fighting,177,0.02,0.01,260,1.9,TRUE,3698,5
Virizion,640,209,192,229,Grass,Fighting,177,0.02,0.01,200,2,TRUE,3022,5
Tornadus,641,188,266,164,Flying,None,160,0.02,0.01,63,1.5,TRUE,3345,5
Thundurus,642,188,266,164,Electric,Flying,160,0.02,0.01,61,1.5,TRUE,3345,5
Reshiram,643,205,275,211,Dragon,Fire,173,0.02,0.01,330,3.2,TRUE,4038,5
Zekrom,644,205,275,211,Dragon,Electric,173,0.02,0.01,345,2.9,TRUE,4038,5
Landorus,645,205,261,182,Ground,Flying,173,0.02,0.01,68,1.5,TRUE,3588,5
Kyurem,646,245,246,170,Dragon,Ice,205,0.02,0.01,325,3,TRUE,3575,5
Keldeo,647,209,260,192,Water,Fighting,177,0.02,0.01,48.5,1.4,FALSE,3698,5
Meloetta,648,225,250,225,Normal,Psychic,189,0.02,0.01,6.5,0.6,FALSE,3972,5
Genesect,649,174,252,199,Bug,Steel,149,0.02,0.01,82.5,1.5,FALSE,3353,5